#TimeStamp;Bot;Pod;OutputStation
49.3;11;779;2
52.29;4;473;3
54.02;0;778;1
60.02;5;232;0
64.05;0;778;1
70.27;5;232;0
74.09;0;778;1
78.44;25;549;3
78.87;13;6;2
80.54;5;232;0
88.14;25;549;3
88.92;13;6;2
90.59;5;232;0
99;13;6;2
104.02;10;626;0
110.59;17;326;3
111.55;3;358;1
113.19;7;387;2
115.35;23;36;0
120.85;17;326;3
121.63;3;358;1
123.5;7;387;2
125.37;23;36;0
130.64;17;326;3
133.89;7;387;2
135.35;23;36;0
142.27;6;63;3
143.89;7;387;2
150.95;8;409;0
151.27;18;215;1
152.44;6;63;3
153.93;7;387;2
160.96;8;409;0
161.54;18;215;1
162.86;6;63;3
166.1;14;401;2
171.27;8;409;0
171.96;18;215;1
172.68;6;63;3
176.16;14;401;2
181.63;8;409;0
182.13;18;215;1
183.08;6;63;3
187.98;11;474;2
193.2;16;201;0
193.5;6;63;3
194.11;19;177;1
197.87;11;474;2
203.32;16;201;0
203.84;6;63;3
204.26;19;177;1
207.93;11;474;2
213.74;16;201;0
214.12;6;63;3
214.5;19;177;1
220.12;13;486;2
224.07;16;201;0
224.55;19;177;1
226.73;4;247;3
230.17;13;486;2
234.29;16;201;0
234.29;19;177;1
236.86;4;247;3
240.22;13;486;2
244.59;16;201;0
244.59;19;177;1
247.08;4;247;3
250.16;13;486;2
256.61;5;564;0
257.12;4;247;3
260.27;13;486;2
263.37;3;352;1
266.81;5;564;0
268.75;25;427;3
270.32;13;486;2
273.8;3;352;1
276.9;5;564;0
278.84;25;427;3
281.87;7;217;2
283.51;3;352;1
286.91;5;564;0
288.88;25;427;3
291.91;7;217;2
293.51;3;352;1
298.57;10;391;0
300.04;17;629;3
301.9;7;217;2
303.87;3;352;1
308.88;10;391;0
310.09;17;629;3
311.93;7;217;2
313.93;3;352;1
320.13;17;629;3
321.25;23;66;0
323.68;14;293;2
324.09;3;352;1
331.4;23;66;0
333.8;14;293;2
334.23;3;352;1
341.6;23;66;0
344.27;3;352;1
351.31;23;66;0
351.84;6;139;3
354.69;11;510;2
355.88;0;468;1
361.28;23;66;0
362.19;6;139;3
364.97;11;510;2
367.78;18;196;1
372.52;6;139;3
373.22;8;361;0
375.39;11;510;2
377.84;18;196;1
383.29;8;361;0
385.51;11;510;2
387.87;18;196;1
390.09;4;167;3
394.67;16;355;0
397.92;18;196;1
397.92;13;49;2
400.38;4;167;3
404.88;16;355;0
407.97;18;196;1
407.97;13;49;2
414.92;16;355;0
418.05;18;196;1
418.05;13;49;2
424.97;16;355;0
428.05;13;49;2
429.27;25;606;3
429.65;19;599;1
435.01;16;355;0
438.1;13;49;2
439.54;25;606;3
445.05;16;355;0
448.18;13;49;2
449.65;25;606;3
455.08;16;355;0
459.89;25;606;3
460.04;7;342;2
462.89;0;433;1
469.95;25;606;3
470.09;7;342;2
479.99;25;606;3
480.27;7;342;2
480.78;3;201;1
490.04;25;606;3
490.35;7;342;2
490.98;3;201;1
500.31;25;606;3
500.49;7;342;2
501.39;3;201;1
501.44;10;618;0
510.44;7;342;2
511.44;17;532;3
511.58;10;618;0
521.58;10;618;0
521.58;17;532;3
522.4;14;694;2
528.77;18;739;1
531.31;17;532;3
532.3;14;694;2
534.65;5;151;0
538.81;18;739;1
541.35;17;532;3
542.57;14;694;2
544.73;5;151;0
551.04;19;388;1
551.43;17;532;3
552.64;14;694;2
554.68;5;151;0
561.43;19;388;1
562.81;6;139;3
563.73;11;217;2
564.77;5;151;0
571.09;19;388;1
572.95;6;139;3
574.04;11;217;2
577.22;23;118;0
583.17;6;139;3
584.26;11;217;2
585;0;400;1
587.27;23;118;0
593.19;6;139;3
595.4;0;400;1
595.82;13;335;2
596.91;23;118;0
604.79;4;387;3
605.7;0;400;1
606.15;13;335;2
608.72;8;104;0
614.84;4;387;3
615.86;0;400;1
616.19;13;335;2
618.51;8;104;0
625.04;4;387;3
626.12;0;400;1
628.75;8;104;0
628.79;7;634;2
635.07;4;387;3
636.22;0;400;1
638.78;8;104;0
638.87;7;634;2
645.15;4;387;3
646.5;0;400;1
648.84;7;634;2
649.8;16;708;0
655.2;4;387;3
658.73;3;2;1
659.15;7;634;2
659.84;16;708;0
665.24;4;387;3
668.87;3;2;1
669.46;7;634;2
669.88;16;708;0
675.4;4;387;3
678.88;3;2;1
679.88;7;634;2
679.97;16;708;0
686.78;25;402;3
690.71;18;441;1
691.76;11;18;2
692.46;10;121;0
696.94;25;402;3
700.76;18;441;1
701.76;11;18;2
702.18;10;121;0
706.89;25;402;3
711.93;11;18;2
712.52;10;121;0
719.44;17;269;3
722.56;10;121;0
723.31;14;464;2
729.45;17;269;3
733.49;14;464;2
734.49;5;619;0
735.75;19;362;1
739.45;17;269;3
743.54;14;464;2
744.82;5;619;0
745.95;19;362;1
749.49;17;269;3
753.77;14;464;2
756.01;19;362;1
756.95;23;161;0
759.93;17;269;3
763.59;14;464;2
766.08;19;362;1
767.05;23;161;0
771.44;6;465;3
776.13;19;362;1
777.3;23;161;0
781.77;6;465;3
786.19;19;362;1
787.36;23;161;0
791.82;6;465;3
797.52;23;161;0
797.79;0;340;1
801.98;6;465;3
807.56;23;161;0
807.98;0;340;1
810.65;7;205;2
812.2;6;465;3
817.56;23;161;0
817.95;0;340;1
820.89;7;205;2
822.23;6;465;3
828.64;8;388;0
829.61;3;625;1
830.83;7;205;2
832.3;6;465;3
839.74;3;625;1
841.21;7;205;2
844.96;16;404;0
847.15;4;89;3
851.03;7;205;2
855.3;16;404;0
857.32;4;89;3
861.3;7;205;2
865.33;16;404;0
867.26;4;89;3
871.43;7;205;2
872.79;19;275;1
877.3;5;140;0
877.38;4;89;3
881.52;7;205;2
882.88;19;275;1
887.33;5;140;0
887.37;4;89;3
893.01;19;275;1
893.52;11;196;2
897.23;5;140;0
897.43;4;89;3
903.06;19;275;1
907.8;4;89;3
911.21;13;302;2
914.16;10;325;0
914.9;18;510;1
919.18;25;632;3
921.42;13;302;2
924.32;10;325;0
925.18;18;510;1
929.23;25;632;3
932.88;14;775;2
935.16;18;510;1
935.84;23;398;0
939.29;25;632;3
942.93;14;775;2
945.9;23;398;0
949.46;25;632;3
952.74;14;775;2
959.64;25;632;3
961.3;8;446;0
963.14;14;775;2
969.68;25;632;3
970.58;0;92;1
971.45;8;446;0
973.21;14;775;2
979.62;25;632;3
980.63;0;92;1
981.63;8;446;0
989.21;7;336;2
989.73;25;632;3
990.59;0;92;1
999.37;7;336;2
1000.71;0;92;1
1007.63;16;684;0
1009.37;7;336;2
1010.72;0;92;1
1017.81;16;684;0
1019.07;7;336;2
1020.77;0;92;1
1022.97;17;76;3
1027.81;16;684;0
1029.43;7;336;2
1032.86;3;508;1
1033.04;17;76;3
1037.94;16;684;0
1039.6;7;336;2
1042.94;3;508;1
1042.94;17;76;3
1055.3;6;528;3
1061.04;10;148;0
1064.58;19;451;1
1065.4;6;528;3
1069.95;13;101;2
1071.12;10;148;0
1074.59;19;451;1
1075.83;6;528;3
1080.04;13;101;2
1081.54;10;148;0
1084.63;19;451;1
1087.79;4;727;3
1089.76;13;101;2
1094.71;19;451;1
1097.8;4;727;3
1097.86;5;433;0
1101.59;11;439;2
1104.69;19;451;1
1107.86;5;433;0
1107.86;4;727;3
1111.76;11;439;2
1114.64;19;451;1
1117.92;5;433;0
1117.92;4;727;3
1122.05;11;439;2
1125.99;18;484;1
1127.85;5;433;0
1127.97;4;727;3
1134.97;14;63;2
1137.97;5;433;0
1139.15;25;217;3
1145.01;14;63;2
1149.33;23;636;0
1149.33;25;217;3
1156.69;7;424;2
1159.68;25;217;3
1159.72;23;636;0
1166.85;7;424;2
1169.77;23;636;0
1176.87;7;424;2
1181.56;16;455;0
1182.56;17;284;3
1191.82;16;455;0
1192.95;17;284;3
1201.82;16;455;0
1203.01;17;284;3
1211.71;16;455;0
1214.95;6;566;3
1221.87;16;455;0
1224.89;13;6;2
1225.26;6;566;3
1233.57;8;596;0
1234.87;13;6;2
1235.2;6;566;3
1243.68;8;596;0
1244.95;13;6;2
1247.1;4;182;3
1253.72;8;596;0
1254.95;13;6;2
1257.08;4;182;3
1263.77;8;596;0
1265.01;13;6;2
1267.14;4;182;3
1275.2;13;6;2
1275.24;10;754;0
1277.29;4;182;3
1285.21;13;6;2
1285.5;10;754;0
1287.3;4;182;3
1297.25;11;22;2
1297.25;4;182;3
1307.36;11;22;2
1307.36;4;182;3
1311.4;5;496;0
1318.94;14;293;2
1318.94;25;338;3
1329.03;14;293;2
1329.03;25;338;3
1334.34;16;385;0
1339.01;25;338;3
1344.38;16;385;0
1348.87;25;338;3
1359.08;25;338;3
1370.79;17;265;3
1380.92;17;265;3
1390.89;17;265;3
1400.99;17;265;3
1407.93;10;636;0
1411.07;17;265;3
1417.97;10;636;0
1421.11;17;265;3
1428.13;13;612;2
1432.74;4;782;3
1438.16;13;612;2
1442.77;4;782;3
2118.02;5;302;0
2129.55;7;51;2
2132.01;23;256;0
2139.6;7;51;2
2142.09;23;256;0
2149.64;7;51;2
2152.13;23;256;0
2159.72;7;51;2
2162.07;23;256;0
2167.8;25;135;3
2169.83;7;51;2
2171.97;23;256;0
2177.84;25;135;3
2182.18;23;256;0
2187.62;25;135;3
2193.89;16;139;0
2197.86;25;135;3
2205.64;10;616;0
2209.82;6;789;3
2215.7;10;616;0
2219.45;13;405;2
2219.88;6;789;3
2225.78;10;616;0
2229.37;13;405;2
2229.93;6;789;3
2235.87;10;616;0
2240.09;6;789;3
2245.95;10;616;0
2250.13;6;789;3
2251.17;11;146;2
2256.04;10;616;0
2261.14;11;146;2
2261.97;17;421;3
2271.1;11;146;2
2272.02;17;421;3
2281.24;11;146;2
2282.06;17;421;3
2291.21;11;146;2
2301.3;11;146;2
2311.39;11;146;2
2320.59;25;582;3
2323.28;13;82;2
2330.68;25;582;3
2333.37;13;82;2
2343.39;13;82;2
2353.38;13;82;2
2354.42;6;205;3
2364.47;6;205;3
2374.44;6;205;3
2384.42;6;205;3
2410.48;17;93;3
2420.55;17;93;3
2430.62;17;93;3
2431.71;11;363;2
2440.71;17;93;3
2441.84;11;363;2
2466.15;13;429;2
2476.13;13;429;2
2502.67;14;89;2
2512.73;14;89;2
2515.04;6;481;3
2522.87;14;89;2
2550;11;50;2
2568.35;4;288;3
2592.58;13;475;2
2602.64;13;475;2
2612.69;13;475;2
2622.67;13;475;2
