#TimeStamp;TripTime;Type
27;12;O
29;16;O
37;13;O
44;27;O
44;22;O
47;22;O
53;21;O
55;38;I
57;32;O
59;15;I
62;42;O
63;31;O
67;29;O
74;42;O
76;56;O
79;44;I
80;53;O
83;66;O
83;56;O
83;45;O
88;51;O
89;51;I
94;38;I
94;43;I
96;38;I
98;54;O
99;21;I
101;45;I
106;54;O
122;68;I
128;83;O
159;81;I
159;32;O
163;33;O
217;30;O
247;19;O
253;24;O
260;24;O
265;31;O
265;25;O
309;23;O
334;35;O
345;17;O
350;36;O
352;11;O
355;25;O
392;34;O
395;23;O
414;21;O
416;11;O
424;16;O
428;14;I
434;23;O
447;34;O
463;39;O
470;21;O
479;37;I
487;49;I
495;33;O
505;25;O
506;29;O
513;19;O
530;40;O
531;51;I
541;35;O
589;35;O
607;26;O
615;47;O
621;17;O
621;36;O
626;26;O
650;8;O
658;26;O
682;24;O
694;29;O
695;31;O
695;26;O
704;17;O
716;21;O
748;34;O
759;22;O
768;30;O
782;53;O
784;36;O
790;33;I
794;12;O
803;35;O
806;29;I
808;24;O
812;63;I
815;42;I
818;25;O
824;38;O
827;24;O
859;30;O
864;23;O
902;26;O
904;34;O
911;24;O
914;42;O
926;39;O
931;44;O
936;48;O
950;16;O
956;47;O
966;17;O
982;21;O
1012;27;O
1015;53;O
1033;32;O
1044;18;O
1052;23;O
1073;28;O
1083;20;O
1088;35;O
1091;24;O
1092;33;O
1096;43;O
1100;29;O
1103;35;I
1104;52;O
1112;49;I
1126;32;I
1149;18;O
1151;25;O
1152;48;I
1161;7;O
1162;17;O
1172;33;O
1195;48;O
1202;18;O
1212;28;O
1239;28;O
1253;26;O
1262;36;O
1288;23;O
1296;35;O
1305;53;O
1308;47;O
1318;48;O
1334;24;O
1343;44;O
1346;20;O
1351;24;O
1352;31;O
1373;21;O
1382;24;I
1390;33;O
1395;27;I
1405;25;O
1424;35;O
1428;21;O
1437;26;O
1446;22;O
1454;40;O
1458;41;I
1469;7;O
1479;30;O
1488;57;O
1493;40;O
1499;28;O
1500;59;I
1511;34;O
1513;25;O
1519;28;O
1522;33;O
1524;27;O
1581;29;O
1603;26;O
1620;17;O
1628;16;O
1629;23;O
1643;36;O
1645;32;O
1652;39;O
1661;34;O
1664;38;O
1664;6;O
1687;26;I
1690;23;O
1698;19;O
1703;17;O
1718;32;O
1718;40;I
1727;29;O
1732;19;I
1734;28;O
1760;29;O
1776;33;O
1783;74;I
1784;43;O
1802;31;O
1825;18;O
1840;28;O
1846;35;O
1848;23;O
1851;26;O
1859;35;O
1907;20;O
1925;19;O
1927;27;O
1939;37;O
1941;23;O
1955;22;O
1975;34;O
1979;15;O
1994;36;O
2015;27;I
2019;22;O
2019;53;I
2028;18;O
2031;19;O
2036;49;I
2039;27;O
2047;38;O
2058;34;I
2125;39;O
2133;36;O
2136;16;O
2141;54;O
2149;48;O
2157;34;O
2159;36;O
2163;22;O
2170;22;O
2170;37;O
2174;26;O
2194;19;O
2218;35;O
2229;34;O
2232;10;O
2238;33;O
2247;46;O
2252;30;O
2262;12;O
2294;47;O
2309;35;I
2317;27;O
2327;40;O
2328;31;I
2329;52;O
2330;23;O
2333;64;I
2335;13;O
2373;50;O
2381;23;O
2386;34;O
2391;46;I
2392;37;O
2412;13;O
2420;19;O
2422;32;O
2423;35;O
2431;26;O
2451;32;O
2452;54;O
2454;19;O
2471;17;O
2485;30;O
2499;24;O
2502;30;O
2507;39;O
2520;19;O
2532;33;O
2540;17;O
2543;28;O
2545;42;O
2547;36;O
2565;18;O
2583;43;I
2614;27;O
2616;30;O
2631;32;O
2651;54;I
2653;33;O
2653;21;O
2655;56;I
2670;35;O
2673;35;O
2676;35;O
2683;42;I
2691;27;O
2701;40;O
2711;30;O
2714;23;O
2720;38;O
2742;24;O
2749;35;O
2761;50;O
2763;22;O
2763;16;O
2766;38;O
2770;20;O
2777;31;O
2795;36;O
2832;25;O
2848;42;O
2858;40;O
2868;17;O
2876;29;O
2891;25;O
2892;36;O
2897;43;O
2912;13;O
2920;61;I
2926;25;O
2929;6;I
2944;43;O
2944;58;I
2945;24;O
2960;55;I
2964;63;O
3016;33;O
3021;7;O
3041;32;O
3044;26;O
3047;24;O
3056;26;O
3081;29;O
3095;37;O
3102;29;O
3118;62;O
3124;22;O
3127;35;O
3131;25;O
3135;30;O
3139;27;O
3146;37;O
3153;55;O
3158;14;O
3172;38;I
3202;41;O
3206;36;O
3216;30;O
3224;55;I
3249;29;O
3249;15;O
3254;50;O
3255;37;O
3275;40;I
3276;35;O
3276;54;I
3288;45;O
3296;18;O
3296;25;O
3316;30;O
3325;30;O
3337;30;O
3348;17;O
3350;37;O
3355;36;O
3369;45;O
3391;39;O
3402;43;O
3405;29;O
3411;24;O
3418;40;O
3439;50;O
3479;23;O
3486;34;I
3487;28;O
3488;23;O
3502;35;I
3508;47;O
3533;25;O
3533;25;I
3557;38;O
3562;38;O
3572;21;O
3576;27;O
3581;40;O
3582;48;O
3583;54;I
3584;45;O
3587;51;O
3593;74;O
3595;29;O
3604;31;O
3624;25;O
3655;56;O
3663;24;O
3664;24;O
3666;37;O
3673;35;O
3673;13;O
3686;25;O
3702;29;O
3710;11;O
3711;21;O
3735;27;O
3748;29;O
3750;28;O
3756;33;O
3757;19;O
3762;48;I
3786;21;O
3821;21;O
3829;16;O
3831;28;O
3831;51;I
3847;27;O
3849;6;O
3859;58;I
3861;35;O
3862;16;O
3874;49;I
3884;47;O
3885;26;O
3893;26;O
3895;20;O
3905;35;O
3910;21;O
3924;33;O
3935;45;O
3963;23;O
3967;29;O
3989;24;O
3991;42;O
3992;41;O
3997;36;O
4009;25;O
4014;33;O
4025;44;O
4027;25;O
4032;29;O
4043;62;I
4044;26;O
4049;34;O
4050;31;O
4053;30;O
4054;27;O
4065;30;O
4113;38;I
4114;43;I
4130;32;O
4133;22;O
4143;25;O
4146;29;O
4159;53;I
4167;38;O
4182;25;O
4195;59;O
4195;32;O
4196;29;O
4211;19;O
4225;65;O
4238;29;O
4244;46;O
4247;35;O
4254;33;O
4267;32;O
4269;28;O
4289;59;O
4293;20;O
4321;48;O
4326;46;O
4342;52;O
4345;46;O
4355;33;O
4358;36;O
4360;65;O
4361;69;I
4367;58;O
4368;36;O
4372;45;O
4375;38;O
4390;49;O
4403;47;I
4424;54;O
4428;36;O
4433;51;O
4434;24;O
4435;17;O
4447;66;I
4484;74;I
4499;34;O
4505;36;O
4506;28;O
4515;35;O
4556;36;O
4557;21;O
4565;35;O
4567;22;O
4567;28;O
4587;23;O
4591;54;O
4604;30;O
4604;27;O
4609;27;O
4616;29;O
4620;19;O
4630;13;O
4631;28;O
4637;50;I
4652;20;O
4685;26;O
4694;24;O
4700;14;O
4714;26;O
4714;26;O
4725;31;O
4729;57;I
4735;28;O
4740;28;O
4747;40;I
4748;58;O
4757;23;O
4757;72;O
4757;65;I
4788;24;O
4814;23;O
4817;39;O
4833;32;O
4835;25;O
4840;40;O
4849;50;O
4866;35;O
4869;47;O
4894;40;O
4905;20;O
4910;34;O
4910;45;O
4912;28;O
4915;23;O
4927;31;O
4933;17;O
4941;47;I
4957;21;O
4961;50;O
4968;14;O
4969;18;O
4982;26;O
4985;46;O
5006;24;O
5009;26;O
5014;21;O
5020;46;O
5023;62;I
5026;42;I
5048;23;O
5051;36;O
5064;10;O
5068;57;I
5077;35;O
5111;33;O
5112;36;O
5116;61;O
5128;45;O
5136;17;O
5139;23;O
5150;24;O
5168;23;O
5182;32;O
5200;47;O
5200;40;O
5218;52;O
5225;54;O
5227;27;O
5233;26;O
5237;25;O
5241;31;O
5241;68;I
5257;48;O
5259;48;O
5266;36;O
5269;30;O
5297;24;O
5298;52;O
5310;52;I
5320;57;I
5322;30;O
5332;17;O
5348;53;I
5349;19;O
5362;29;O
5384;23;O
5400;26;O
5419;26;O
5421;23;O
5422;29;O
5437;31;O
5461;30;O
5475;23;O
5483;27;O
5484;38;O
5489;32;O
5492;28;O
5521;28;O
5540;66;I
5546;18;O
5556;36;O
5559;36;I
5564;30;O
5569;28;O
5577;48;O
5584;40;O
5587;33;I
5587;29;O
5589;45;O
5602;18;O
5614;23;O
5625;32;O
5637;32;O
5644;17;O
5669;30;O
5671;57;I
5680;24;O
5688;30;O
5697;57;O
5723;18;O
5730;59;O
5746;51;O
5750;25;O
5758;20;O
5763;23;O
5763;29;O
5770;25;O
5798;20;O
5809;26;O
5810;46;I
5841;23;O
5842;18;O
5849;18;O
5867;31;O
5874;42;I
5887;29;O
5887;31;O
5899;21;O
5903;53;O
5904;31;O
5923;62;O
5925;42;O
5938;32;O
5948;60;I
5954;37;O
5962;21;O
5970;56;I
5974;14;O
6004;22;O
6033;24;O
6038;16;O
6044;25;O
6046;34;O
6049;30;O
6051;36;O
6073;17;O
6079;17;O
6089;27;O
6105;30;O
6127;38;I
6130;48;O
6135;16;O
6136;26;O
6163;29;O
6171;38;I
6175;24;O
6196;31;O
6202;37;O
6221;31;O
6221;25;O
6227;67;I
6230;25;O
6242;35;O
6251;26;O
6252;25;O
6264;36;O
6296;44;I
6303;43;O
6309;34;O
6318;29;O
6329;36;O
6337;36;O
6338;31;O
6346;30;O
6352;48;O
6357;27;O
6378;32;O
6390;39;O
6396;28;O
6406;34;O
6414;42;O
6424;43;I
6441;24;O
6445;22;O
6449;15;O
6451;19;O
6456;32;O
6457;34;O
6460;12;O
6468;40;I
6474;21;O
6492;25;O
6501;55;I
6515;54;O
6552;27;O
6556;19;O
6557;37;O
6566;24;O
6576;28;O
6593;21;O
6595;26;O
6596;47;I
6612;34;O
6616;34;O
6637;47;O
6643;16;O
6643;43;O
6649;34;O
6662;28;O
6668;35;O
6674;21;O
6686;18;O
6693;36;O
6705;28;O
6727;49;I
6739;36;O
6748;42;O
6783;14;O
6785;27;O
6800;23;O
6803;24;O
6806;14;O
6807;58;I
6813;21;O
6824;59;O
6834;52;O
6835;77;O
6840;36;O
6841;79;I
6870;42;O
6878;51;O
6884;36;O
6892;43;O
6895;20;O
6908;25;O
6916;39;O
6923;36;O
6931;62;I
6938;22;O
6942;27;O
6956;42;O
6975;36;O
6981;26;O
7002;60;O
7012;35;O
7016;35;O
7021;6;O
7038;41;I
7038;20;O
7038;57;O
7051;40;O
7072;39;I
7074;62;O
7076;24;O
7094;43;I
7114;18;O
7119;29;O
7131;20;O
7140;26;O
7151;40;O
7158;41;O
7159;55;O
7159;31;O
7174;33;O
7184;31;O
7194;30;O
7195;42;O
7199;15;O
7230;55;I
7243;59;O
7254;52;O
7276;56;O
7279;19;O
7280;43;O
7282;16;O
7288;23;O
7294;33;O
7302;21;O
7321;33;O
7325;35;O
7329;24;O
7332;20;O
7339;42;I
7349;16;O
7355;20;O
7366;27;O
7390;39;I
7407;22;O
7408;35;O
7429;45;O
7429;17;O
7446;47;O
7456;32;O
7456;62;I
7456;71;O
7456;34;O
7471;74;O
7478;45;O
7481;23;O
7514;19;O
7521;22;O
7524;28;O
7530;16;O
7545;33;O
7554;52;I
7571;27;O
7588;16;O
7596;51;O
7608;42;O
7609;30;O
7615;37;O
7615;24;O
7626;43;O
7647;52;O
7650;28;O
7657;65;I
7663;14;O
7666;38;O
7669;58;O
7681;47;O
7691;30;O
7691;16;O
7694;46;I
7705;14;O
7712;47;O
7726;42;I
7730;24;O
7756;39;O
7760;50;O
7766;19;O
7779;31;O
7789;34;O
7813;26;O
7819;28;O
7821;20;O
7829;45;O
7830;25;O
7836;29;O
7847;28;O
7852;56;O
7853;19;O
7855;11;O
7869;42;I
7892;83;O
7897;63;O
7899;36;O
7905;28;O
7927;18;O
7944;31;O
7950;31;O
7954;55;I
7957;14;O
7972;25;O
7983;25;O
7992;30;O
8005;33;I
8018;36;O
8020;33;O
8032;53;I
8034;35;O
8048;33;O
8051;28;O
8055;7;O
8081;32;O
8085;24;O
8096;20;O
8112;25;O
8136;41;O
8138;44;O
8147;27;O
8151;33;O
8167;36;O
8173;44;O
8174;26;O
8178;61;O
8178;23;O
8180;54;I
8186;12;O
8190;25;O
8198;38;O
8213;21;O
8248;18;O
8249;51;I
8259;38;O
8262;32;O
8273;53;O
8275;15;O
8276;38;O
8291;30;O
8302;34;O
8330;34;O
8338;50;I
8340;55;I
8340;32;O
8342;32;O
8350;36;O
8359;42;O
8397;35;O
8418;21;O
8432;37;O
8435;33;O
8450;12;O
8465;37;O
8465;36;O
8467;61;O
8476;34;O
8491;71;O
8504;53;O
8506;63;I
8512;31;O
8538;49;I
8547;30;O
8576;46;O
8580;35;O
8584;52;O
8588;29;O
8591;34;O
8598;19;O
8599;47;O
8599;34;O
8601;29;O
8606;37;I
8633;22;O
8637;42;I
8645;23;O
8656;23;O
8660;45;O
8675;23;O
8693;22;O
8718;26;O
8733;14;O
8734;39;O
8735;27;O
8737;8;O
8752;41;O
8762;47;O
8764;43;O
8766;20;O
8777;29;O
8786;59;O
8791;61;I
8797;22;O
8830;48;O
8841;29;O
8859;28;O
8868;20;O
8871;77;I
8880;25;O
8889;19;O
8913;16;O
8913;26;O
8927;21;O
8939;22;O
8942;64;I
8943;26;O
8947;22;O
8955;38;O
8960;21;O
8966;40;I
8969;21;O
8969;28;O
8981;34;O
9013;19;O
9038;25;O
9040;23;O
9041;26;O
9063;20;O
9066;42;O
9066;6;O
9069;39;O
9084;34;O
9094;27;O
9097;25;O
9099;16;O
9105;56;I
9110;20;O
9125;43;O
9154;32;O
9161;40;I
9165;27;O
9179;21;O
9182;32;O
9186;46;O
9200;44;O
9207;54;O
9217;36;O
9227;40;O
9231;54;O
9233;27;O
9252;64;I
9262;38;O
9279;32;O
9281;29;O
9282;21;O
9288;17;O
9290;35;O
9292;45;O
9294;27;O
9306;32;O
9326;23;O
9340;24;O
9355;57;I
9371;16;O
9375;8;O
9383;29;O
9404;30;O
9408;67;I
9409;35;O
9423;45;O
9426;51;O
9434;32;O
9438;32;O
9459;45;I
9486;20;O
9508;49;O
9512;30;O
9513;58;O
9514;40;O
9515;32;O
9536;21;O
9537;46;I
9543;35;O
9562;43;O
9567;20;O
9576;22;O
9578;38;O
9582;14;O
9598;26;O
9598;51;O
9623;28;O
9623;27;O
9630;17;O
9639;20;O
9643;25;O
9644;50;I
9670;42;O
9682;43;O
9685;11;O
9689;42;O
9712;50;I
9722;23;O
9727;25;O
9729;28;O
9734;35;O
9745;24;O
9761;41;O
9764;29;O
9772;27;O
9810;21;O
9810;24;O
9813;56;I
9822;25;O
9833;44;O
9836;44;O
9850;29;O
9859;25;O
9860;32;O
9882;57;I
9887;58;O
9918;23;O
9928;48;O
9934;22;O
9935;53;O
9939;39;O
9943;33;O
9947;44;O
9947;8;O
9952;63;O
9956;29;O
9973;36;O
9977;47;I
9993;13;O
10008;46;I
10016;31;O
10036;34;O
10061;22;O
10084;39;O
10087;23;O
10088;20;O
10095;19;O
10102;57;O
10102;32;O
10104;38;O
10106;38;I
10109;17;O
10131;32;O
10158;46;O
10165;16;O
10176;40;O
10191;23;O
10195;65;O
10198;44;O
10205;30;O
10209;56;I
10219;21;O
10234;27;O
10240;17;O
10269;17;O
10272;34;O
10288;14;O
10293;46;O
10297;32;O
10298;27;O
10304;55;I
10306;60;O
10319;43;O
10326;46;O
10331;46;O
10353;43;O
10355;58;I
10356;67;O
10363;34;O
10382;45;I
10393;11;O
10395;14;O
10403;20;O
10410;25;O
10411;7;O
10419;41;O
10428;36;O
10434;10;O
10446;30;O
10471;41;O
10485;39;O
10498;27;O
10519;36;O
10529;46;I
10550;40;O
10556;40;O
10564;36;O
10574;22;O
10577;26;O
10583;26;O
10600;22;O
10604;37;O
10631;66;O
10632;50;I
10636;25;O
10644;30;O
10652;40;I
10657;27;O
10658;33;O
10661;39;O
10668;56;O
10672;29;O
10706;20;O
10725;52;I
10725;53;O
10733;44;O
10733;33;O
10740;51;O
10744;45;O
10755;22;O
10778;29;O
10786;29;O
10790;56;O
10795;29;O
10808;32;O
10809;36;O
10812;19;O
10818;46;O
10822;61;O
10831;12;O
10852;49;I
10853;28;O
10863;35;O
10880;20;O
10927;40;O
10929;20;O
10930;30;O
10945;58;I
10945;40;O
10947;58;O
10954;27;O
10956;40;O
10959;24;O
10970;22;O
10984;56;I
10986;38;O
10987;73;O
10987;31;O
11000;48;I
11014;43;O
11022;24;O
11022;8;O
11024;54;O
11031;30;O
11047;39;O
11052;25;O
11082;24;O
11087;19;O
11088;51;O
11098;11;O
11101;22;O
11117;15;O
11155;40;O
11159;44;O
11170;32;O
11175;56;I
11182;25;O
11183;29;O
11193;21;O
11194;23;O
11197;38;O
11221;20;O
11235;17;O
11261;37;I
11262;12;O
11274;19;O
11288;31;O
11295;23;O
11300;60;I
11309;48;O
11335;16;O
11337;59;I
11346;31;O
11346;30;O
11355;47;O
11378;48;O
11384;40;O
11428;16;O
11447;33;O
11448;31;O
11451;32;O
11462;30;O
11463;33;O
11463;30;O
11467;31;O
11469;21;O
11476;53;I
11480;30;O
11485;16;O
11501;37;O
11504;33;O
11513;33;O
11528;31;O
11537;16;O
11549;32;I
11550;24;O
11571;33;O
11572;38;O
11580;42;I
11603;30;O
11604;40;O
11607;38;O
11620;44;O
11632;31;O
11637;18;O
11648;53;O
11652;41;O
11657;48;I
11657;22;O
11665;53;O
11671;55;O
11680;67;O
11682;23;O
11700;27;O
11701;14;O
11726;26;O
11729;43;O
11734;27;O
11736;21;O
11739;13;O
11760;55;O
11774;21;O
11777;14;O
11781;28;O
11783;52;I
11788;27;O
11788;37;O
11806;39;O
11819;41;O
11845;16;O
11867;44;O
11868;33;O
11871;35;O
11892;40;I
11901;40;O
11917;54;O
11927;52;O
11933;64;I
11933;56;O
11936;33;O
11941;35;O
11946;26;O
11947;54;O
11953;19;O
11957;46;I
11963;30;O
11967;49;O
11988;33;O
11994;16;O
12020;43;O
12027;31;O
12040;36;O
12044;32;O
12050;29;O
12059;44;O
12086;24;O
12096;29;O
12100;56;I
12103;37;O
12106;33;O
12112;34;O
12112;23;O
12115;29;O
12117;28;O
12117;50;O
12125;34;O
12138;21;O
12147;36;O
12169;29;O
12182;32;O
12185;47;I
12186;25;O
12219;30;O
12228;67;I
12235;61;O
12244;30;O
12246;42;O
12261;34;O
12275;61;O
12293;23;O
12294;36;O
12299;46;O
12301;33;O
12307;26;O
12308;37;O
12309;63;I
12313;20;O
12326;25;O
12329;32;O
12330;28;O
12345;33;O
12359;79;O
12365;36;O
12384;17;O
12387;26;O
12401;28;O
12402;26;O
12412;41;O
12424;61;I
12428;22;O
12434;33;O
12442;29;O
12502;47;O
12504;29;O
12509;22;O
12542;29;O
12543;21;O
12545;20;O
12564;64;I
12564;44;O
12567;27;O
12579;29;O
12585;35;O
12589;65;O
12596;26;O
12601;61;I
12606;85;I
12608;23;O
12630;37;O
12631;37;O
12642;35;O
12648;33;O
12661;31;O
12664;13;O
12672;28;O
12674;37;O
12681;7;O
12691;31;O
12709;36;O
12715;42;I
12716;34;O
12725;35;O
12751;39;O
12771;50;O
12780;46;O
12787;27;O
12804;42;O
12807;20;O
12816;32;O
12823;33;O
12829;47;O
12832;18;O
12835;43;I
12864;30;O
12867;55;O
12867;51;O
12871;45;O
12891;50;O
12899;51;I
12907;40;O
12909;57;I
12912;23;O
12926;28;O
12934;18;O
12937;39;O
12941;35;O
12950;37;O
12986;73;O
13009;30;O
13010;23;O
13016;39;O
13030;21;O
13041;18;O
13042;22;O
13062;39;O
13069;25;O
13075;36;O
13078;24;O
13082;33;O
13086;44;O
13088;63;I
13090;25;O
13120;25;O
13167;31;O
13175;38;O
13181;34;O
13182;51;I
13183;45;O
13188;47;O
13198;32;O
13200;39;O
13205;30;I
13206;24;O
13229;49;I
13234;80;O
13239;59;O
13244;19;O
13250;33;O
13256;32;O
13268;72;O
13274;61;O
13290;37;O
13293;31;O
13307;32;O
13313;46;O
13331;63;O
13346;35;O
13351;28;O
13355;6;O
13369;29;O
13371;34;O
13373;66;O
13387;42;O
13390;37;O
13402;26;O
13407;57;I
13422;32;O
13429;37;O
13429;37;O
13440;20;O
13450;76;O
13471;70;O
13478;19;O
13484;28;O
13486;68;O
13508;24;O
13508;39;O
13540;44;I
13549;25;O
13551;37;O
13552;38;O
13572;105;I
13579;42;I
13604;32;O
13605;37;O
13615;31;O
13621;47;O
13635;22;O
13637;58;O
13654;30;O
13669;20;O
13680;31;O
13698;49;O
13705;41;O
13707;42;I
13731;20;O
13744;51;O
13754;22;O
13760;34;O
13766;53;O
13777;30;O
13783;43;O
13805;32;O
13816;27;O
13831;48;I
13850;31;O
13887;19;O
13896;56;I
13900;15;O
13901;23;O
13904;29;O
13911;46;O
13918;35;O
13924;49;I
13933;33;O
13945;45;O
13951;23;O
13956;34;O
13967;19;O
13993;35;O
13997;32;O
14023;54;I
14031;37;O
14052;45;O
14054;61;O
14065;31;O
14072;27;O
14078;23;O
14079;12;O
14083;15;O
14100;27;O
14105;42;O
14114;40;O
14117;32;O
14123;52;O
14125;13;O
14135;18;O
14138;13;O
14140;25;O
14145;44;I
14157;8;O
14172;37;I
14174;40;I
14174;38;O
14179;26;O
14197;24;O
14207;37;O
14222;21;O
14233;19;O
14244;33;O
14246;17;O
14259;46;O
14268;63;O
14276;70;O
14279;66;O
14289;34;O
14291;33;O
14291;19;O
14292;34;O
14306;7;O
14312;37;O
14322;27;O
14327;42;O
14328;20;O
14332;100;O
14348;38;O
14373;48;I
14376;59;O
14425;22;O
14430;19;O
14433;33;O
14438;23;O
14450;30;O
14458;37;O
14460;33;O
14465;39;O
14477;33;O
14483;52;I
14485;19;O
14508;38;I
14510;57;O
14524;22;O
14532;25;O
14539;42;I
14542;25;O
14545;44;O
14567;29;O
14577;51;O
14586;27;O
14587;16;O
14590;36;O
14591;7;O
14601;50;O
14606;42;O
14622;28;O
14647;47;O
14649;43;O
14685;32;O
14689;48;I
14706;49;O
14707;34;O
14722;32;O
14729;44;O
14741;50;O
14758;25;O
14762;40;O
14768;36;O
14773;33;I
14779;31;O
14808;36;O
14823;25;O
14836;58;O
14837;36;O
14850;43;I
14857;44;I
14866;51;O
14868;31;O
14874;23;O
14878;29;O
14890;23;O
14898;56;O
14906;34;O
14906;43;O
14920;36;O
14934;33;O
14952;23;O
14960;26;O
14969;37;O
14978;20;O
14985;35;O
14986;9;O
14991;25;O
15002;7;O
15018;22;O
15025;58;I
15034;20;O
15036;36;O
15041;26;O
15050;63;O
15055;47;O
15060;35;O
15087;50;O
15104;50;O
15109;35;O
15109;18;O
15119;36;O
15127;48;O
15130;37;I
15138;21;O
15151;58;O
15159;20;O
15173;22;O
15175;40;I
15177;14;O
15186;29;O
15196;34;O
15202;57;I
15209;22;O
15210;40;O
15220;54;O
15233;30;O
15241;29;O
15243;41;O
15263;41;O
15263;30;O
15277;21;O
15279;26;O
15296;18;O
15309;55;O
15319;56;O
15324;40;I
15324;76;O
15358;77;O
15359;45;O
15385;45;O
15385;34;O
15390;23;O
15394;28;O
15408;29;O
15423;41;O
15429;24;O
15432;21;O
15458;47;O
15470;24;O
15490;56;O
15491;55;I
15491;36;O
15506;21;O
15511;22;O
15512;53;I
15518;27;O
15526;47;I
15532;34;O
15548;43;O
15551;45;O
15563;19;O
15576;26;O
15577;24;O
15584;52;O
15595;22;O
15599;36;O
15616;40;O
15645;47;O
15649;12;O
15653;19;O
15663;58;O
15667;37;O
15682;23;O
15682;60;O
15682;9;O
15684;35;O
15703;23;O
15724;42;O
15735;51;O
15758;82;I
15774;51;O
15779;32;O
15783;26;O
15805;60;I
15807;32;O
15812;13;O
15812;42;I
15823;43;O
15823;61;O
15831;29;O
15831;39;O
15835;36;O
15835;22;O
15845;48;I
15858;18;O
15875;37;O
15881;67;O
15882;40;O
15890;21;O
15901;59;O
15904;24;O
15917;22;O
15937;27;O
15939;42;O
15950;56;O
15964;22;O
15973;34;O
15982;63;I
15988;26;O
15992;26;O
16006;18;O
16010;46;O
16013;38;O
16051;20;O
16057;23;O
16062;22;O
16083;24;O
16084;17;O
16095;49;I
16107;27;O
16116;40;O
16119;50;O
16119;38;O
16122;48;O
16126;37;O
16140;40;I
16168;44;O
16177;55;I
16183;26;O
16183;14;O
16191;23;O
16197;29;O
16200;56;O
16210;28;O
16224;34;O
16227;53;O
16233;53;O
16233;33;O
16237;40;O
16239;25;O
16257;35;O
16275;24;O
16282;31;O
16283;42;I
16315;30;O
16329;27;O
16347;22;O
16354;26;O
16357;30;O
16365;47;O
16385;30;O
16398;42;O
16408;23;O
16422;30;O
16439;17;O
16440;21;O
16440;25;O
16452;65;I
16461;34;O
16461;48;I
16464;25;O
16470;23;O
16474;35;O
16481;43;O
16481;53;O
16485;40;O
16514;22;O
16525;60;I
16544;25;O
16550;23;O
16582;42;O
16595;30;O
16601;29;O
16605;59;O
16614;35;O
16625;42;I
16626;48;O
16632;23;O
16635;30;O
16643;22;O
16662;21;O
16670;20;O
16673;15;O
16675;33;O
16711;26;O
16730;24;O
16766;57;O
16766;58;I
16775;41;O
16778;20;O
16786;59;I
16790;51;O
16790;55;O
16790;33;O
16801;28;O
16804;29;O
16805;68;O
16815;56;I
16821;24;O
16822;36;O
16822;35;O
16839;32;O
16852;39;O
16861;16;O
16878;42;O
16884;17;O
16931;33;O
16933;23;O
16937;40;O
16941;41;O
16953;31;O
16958;26;O
16962;62;O
16968;10;O
16972;70;I
16973;29;O
16978;32;O
17031;17;O
17040;19;O
17051;55;I
17055;40;O
17057;25;O
17059;35;O
17085;30;O
17114;39;O
17124;50;I
17126;20;O
17138;23;O
17146;53;I
17156;23;O
17164;7;O
17165;19;O
17174;22;O
17183;23;O
17198;32;O
17221;27;O
17226;15;O
17235;38;O
17238;16;O
17239;27;O
17240;46;O
17245;18;O
17267;49;I
17285;7;O
17307;22;O
17311;23;O
17328;56;O
17329;40;O
17358;53;O
17360;23;O
17364;21;O
17377;41;O
17378;24;O
17379;48;O
17386;44;O
17395;22;O
17398;55;I
17412;23;O
17420;23;O
17426;26;O
17441;34;O
17442;58;I
17447;29;O
17450;19;O
17480;37;O
17493;26;O
17501;28;O
17505;64;I
17527;36;O
17537;27;O
17540;23;O
17545;49;O
17546;49;O
17550;45;O
17590;40;O
17590;19;O
17602;24;O
17605;31;O
17606;56;O
17612;27;O
17619;21;O
17620;22;O
17629;88;I
17641;34;O
17646;46;O
17659;26;O
17676;30;O
17679;26;O
17689;47;O
17723;40;O
17725;31;O
17737;46;I
17744;38;O
17746;36;O
17752;37;O
17766;36;O
17768;44;O
17776;38;O
17780;40;O
17787;57;I
17794;27;O
17801;28;O
17804;36;O
17809;36;O
17816;29;O
17821;42;O
17821;27;O
17825;53;I
17854;57;O
17861;27;O
17863;30;O
17867;41;O
17886;58;O
17887;24;O
17906;25;O
17913;49;I
17916;27;O
17931;52;O
17943;26;O
17952;28;O
17953;57;O
17965;34;O
17966;54;O
17982;37;O
17987;29;O
17995;10;O
18001;31;O
18011;24;O
18025;30;O
18030;19;O
18044;59;O
18045;47;I
18047;33;O
18049;44;O
18067;59;O
18073;56;O
18097;62;I
18105;22;O
18108;19;O
18114;7;O
18118;14;O
18127;40;O
18130;48;O
18148;26;O
18159;29;O
18168;29;O
18181;24;O
18189;65;I
18192;23;O
18197;54;O
18201;20;O
18229;9;O
18229;35;O
18231;41;O
18236;33;O
18246;8;O
18260;15;O
18265;22;O
18277;53;I
18277;17;O
18285;27;O
18286;22;O
18295;27;O
18307;39;O
18312;29;O
18337;21;O
18361;48;I
18369;34;O
18388;26;O
18394;49;I
18401;49;O
18401;34;O
18405;26;O
18405;45;O
18407;14;O
18417;27;O
18434;86;O
18444;44;O
18446;34;O
18449;15;O
18475;41;I
18480;30;O
18489;29;O
18490;53;O
18510;24;O
18513;16;O
18527;65;O
18529;34;O
18531;52;O
18540;26;O
18544;24;O
18550;42;I
18569;63;O
18579;42;O
18625;19;O
18628;10;O
18638;37;O
18646;26;O
18661;49;I
18662;26;O
18664;26;O
18685;21;O
18687;24;O
18690;13;O
18694;21;O
18705;18;O
18717;48;I
18745;36;O
18747;39;O
18749;24;O
18770;29;O
18792;27;O
18793;40;I
18806;27;O
18813;28;O
18840;23;O
18840;26;O
18851;37;O
18852;16;O
18861;60;O
18862;33;O
18880;57;I
18882;17;O
18887;55;O
18887;37;O
18889;22;O
18899;25;O
18930;19;O
18937;32;O
18952;41;O
18959;40;O
18960;35;O
18969;20;O
18980;36;O
19000;45;I
19004;67;O
19022;34;O
19036;35;O
19038;55;I
19050;47;O
19051;20;O
19057;34;O
19058;36;O
19077;29;O
19085;61;O
19100;14;O
19112;55;O
19117;69;O
19117;54;O
19124;39;O
19125;55;I
19138;21;O
19142;38;O
19160;37;O
19163;23;O
19166;25;O
19200;24;O
19201;26;O
19217;31;O
19222;71;I
19230;44;O
19245;24;O
19249;22;O
19258;59;O
19264;26;O
19266;44;O
19275;25;O
19295;16;O
19304;35;O
19313;40;I
19315;34;O
19319;21;O
19320;31;O
19326;23;O
19334;29;O
19335;57;I
19335;21;O
19351;40;O
19353;31;O
19372;73;O
19372;29;O
19391;56;O
19399;12;O
19403;42;O
19448;45;I
19448;36;O
19455;15;O
19457;22;O
19463;42;O
19467;29;O
19504;19;O
19517;25;O
19520;25;O
19525;63;I
19529;36;O
19537;31;O
19576;24;O
19595;16;O
19604;37;O
19606;51;O
19634;30;O
19638;41;O
19642;17;O
19648;52;O
19649;16;O
19654;36;O
19665;28;O
19682;38;O
19684;76;I
19685;36;O
19689;20;O
19691;58;I
19692;52;O
19695;40;O
19709;66;O
19721;18;O
19731;26;O
19758;46;I
19770;50;O
19777;26;O
19788;18;O
19788;50;O
19791;28;O
19792;25;O
19807;44;O
19817;30;O
19819;29;O
19825;36;O
19837;45;O
19855;39;O
19856;47;O
19859;59;I
19880;19;O
19887;25;O
19892;62;O
19909;23;O
19941;26;O
19947;47;O
19958;26;O
19969;20;O
19975;53;O
19978;59;I
19979;34;O
19990;49;O
19996;48;O
20013;39;O
20024;21;O
20024;54;I
20025;23;O
20038;38;O
20047;15;O
20050;30;O
20057;52;O
20065;56;O
20069;24;O
20074;32;O
20102;18;O
20116;31;O
20117;24;O
20117;63;I
20131;38;O
20139;42;O
20146;42;O
20152;11;O
20175;51;O
20175;33;O
20179;33;O
20192;31;O
20199;51;I
20199;48;O
20240;44;O
20246;18;O
20265;63;O
20269;19;O
20272;23;O
20280;25;O
20281;33;O
20282;51;O
20288;38;I
20291;40;O
20294;40;O
20301;31;O
20321;45;O
20322;28;O
20335;60;I
20337;19;O
20343;28;O
20353;18;O
20369;51;O
20411;33;O
20412;47;I
20413;7;O
20415;33;O
20428;53;O
20459;59;O
20465;25;O
20481;71;O
20483;30;I
20499;42;O
20509;44;O
20519;41;O
20534;39;O
20537;9;O
20546;50;O
20560;25;O
20564;27;O
20567;19;O
20580;33;O
20584;14;O
20587;21;O
20594;35;O
20597;17;O
20604;33;O
20605;17;O
20612;52;I
20617;25;O
20619;16;O
20635;23;O
20644;51;I
20663;23;O
20696;28;O
20720;27;O
20727;29;O
20731;48;O
20732;44;O
20759;68;I
20760;43;O
20763;68;O
20769;40;O
20778;16;O
20788;43;O
20791;30;O
20802;20;O
20826;43;I
20840;34;O
20846;31;O
20848;20;O
20856;21;O
20866;20;O
20875;19;O
20877;30;O
20896;24;O
20904;17;O
20921;25;O
20944;31;O
20959;33;O
20959;53;I
20977;30;O
20981;27;O
20987;21;O
20993;56;I
21001;50;O
21007;19;O
21015;23;O
21021;32;O
21032;44;O
21042;22;O
21047;37;O
21053;25;O
21056;46;I
21074;20;O
21099;31;O
21110;25;O
21123;28;O
21124;26;O
21134;22;O
21148;31;O
21149;42;I
21152;33;O
21169;60;O
21175;39;O
21177;36;O
21183;14;O
21184;42;O
21184;36;O
21189;26;O
21226;26;O
21238;16;O
21247;47;I
21254;25;O
21285;31;O
21290;17;O
21305;58;O
21312;43;O
21320;61;I
21321;40;O
21332;31;I
21341;41;O
21348;46;O
21355;37;O
21361;23;O
21377;28;O
21377;54;O
21383;64;O
21396;56;O
21410;48;O
21412;25;O
21423;31;O
21433;42;O
21434;30;O
21451;37;O
21451;59;I
21457;59;O
21478;29;O
21493;27;O
21496;22;O
21500;46;O
21502;44;O
21506;44;O
21514;27;O
21529;34;O
21537;22;O
21552;44;O
21571;60;I
21571;44;O
21599;8;O
21617;37;O
21624;32;O
21625;25;O
21630;63;O
21643;38;O
21656;56;I
21682;52;O
21696;26;O
21700;48;I
21701;34;O
21702;24;O
21708;7;O
21720;20;O
21734;18;O
21739;37;O
21747;35;I
21753;21;O
21759;23;O
21769;30;O
21780;32;O
21786;51;O
21793;38;O
21805;10;O
21807;49;O
21824;30;O
21828;25;O
21833;40;O
21841;37;O
21860;45;O
21875;40;O
21893;28;O
21894;68;I
21898;26;O
21903;59;O
21915;29;O
21922;53;O
21929;58;I
21937;45;O
21950;32;O
21978;48;O
21999;15;O
22003;21;O
22012;47;I
22017;15;O
22017;28;O
22043;36;O
22064;32;O
22065;36;O
22069;22;O
22074;49;I
22075;49;O
22091;18;O
22092;38;O
22095;26;O
22101;22;O
22121;38;O
22126;44;O
22132;34;O
22132;46;O
22133;30;O
22145;41;O
22191;37;O
22215;63;I
22218;35;O
22220;35;O
22221;29;O
22224;46;I
22228;28;O
22236;38;O
22244;25;O
22260;20;O
22272;85;O
22284;23;O
22291;20;O
22294;31;O
22295;33;I
22295;47;O
22307;43;O
22324;23;O
22344;23;O
22346;39;O
22354;26;O
22366;31;O
22387;38;O
22391;33;O
22398;47;O
22398;15;O
22400;60;I
22419;21;O
22436;30;O
22436;25;O
22445;23;O
22447;14;O
22482;24;O
22484;34;O
22490;22;O
22496;27;O
22498;46;I
22518;17;O
22519;17;O
22525;23;O
22548;46;I
22549;31;O
22549;23;O
22565;31;O
22599;35;O
22602;23;O
22622;28;O
22622;14;O
22632;44;I
22634;33;O
22636;49;O
22648;48;O
22654;24;O
22666;46;O
22671;34;O
22672;26;O
22682;47;I
22697;52;O
22705;40;O
22744;35;O
22757;32;O
22761;25;O
22781;64;O
22788;60;O
22795;26;O
22800;33;O
22805;20;O
22811;22;O
22813;39;I
22832;21;O
22839;30;I
22849;40;O
22851;26;O
22883;34;O
22893;29;O
22902;30;O
22910;26;O
22918;26;O
22934;33;O
22938;35;O
22958;27;O
22960;40;O
22968;59;I
22993;63;I
23002;26;O
23006;16;O
23015;43;O
23020;25;O
23022;16;O
23027;48;O
23048;28;O
23058;49;O
23078;52;O
23089;25;O
23097;39;O
23098;35;O
23106;26;O
23110;39;I
23128;23;O
23131;40;O
23136;35;O
23145;25;O
23154;22;O
23174;42;I
23174;33;O
23188;23;O
23202;26;O
23218;33;O
23221;30;O
23230;47;O
23248;38;O
23257;29;O
23260;36;O
23281;63;I
23286;35;O
23291;7;O
23313;50;O
23319;20;O
23330;28;O
23334;29;O
23350;22;O
23354;59;I
23377;8;O
23380;50;O
23385;30;O
23397;52;O
23401;39;I
23407;31;O
23417;39;O
23418;19;O
23436;29;O
23446;24;O
23473;27;O
23474;42;I
23481;33;O
23482;34;O
23487;39;O
23488;23;O
23505;21;O
23506;11;O
23509;46;O
23523;54;O
23541;53;O
23554;27;O
23555;49;O
23562;25;O
23568;79;O
23589;76;I
23591;32;O
23610;25;O
23616;37;I
23626;28;O
23644;22;O
23645;15;O
23655;39;O
23657;64;O
23666;25;O
23667;46;O
23679;32;O
23721;33;I
23722;34;O
23726;24;O
23736;47;O
23740;17;O
23754;69;O
23784;51;I
23793;34;O
23800;22;O
23808;28;O
23810;30;O
23814;21;O
23820;28;O
23838;20;O
23842;36;O
23859;36;O
23878;14;O
23888;50;I
23903;23;O
23911;35;O
23913;16;O
23923;27;O
23927;26;O
23931;33;O
23933;17;O
23937;49;I
23945;48;O
23951;48;O
23956;40;O
23985;26;O
23993;34;O
24009;22;O
24010;27;O
24039;29;O
24056;23;O
24057;46;O
24063;15;O
24075;55;I
24082;41;O
24086;56;O
24091;25;O
24097;69;O
24118;16;O
24120;63;I
24121;58;O
24141;18;O
24160;22;O
24165;34;I
24174;43;O
24187;52;O
24191;52;O
24193;64;O
24200;50;O
24219;21;O
24223;22;O
24242;24;O
24269;46;O
24271;29;O
24282;50;I
24287;29;O
24295;38;O
24295;45;O
24340;27;O
24346;21;O
24358;36;O
24374;17;O
24377;24;O
24382;55;I
24384;76;O
24385;21;O
24387;28;O
24443;48;O
24445;60;I
24469;37;O
24480;31;O
24487;31;O
24496;26;O
24502;39;O
24516;41;I
24517;45;O
24525;77;O
24527;54;O
24532;28;O
24532;24;O
24533;27;O
24537;42;O
24541;12;O
24568;27;O
24574;23;O
24589;43;O
24593;32;O
24609;33;O
24613;56;O
24624;46;I
24632;31;O
24648;22;O
24659;46;O
24662;48;O
24665;40;O
24672;51;O
24675;34;O
24714;33;O
24720;6;O
24727;27;O
24729;55;I
24732;36;O
24735;54;O
24740;43;I
24741;30;O
24754;28;O
24757;21;O
24782;13;O
24793;44;O
24803;31;O
24804;45;O
24809;31;O
24813;38;O
24838;20;O
24852;55;I
24859;25;O
24864;26;O
24872;50;O
24878;22;O
24894;25;O
24905;20;O
24907;52;O
24916;31;O
24930;47;O
24949;60;I
24949;26;O
24961;18;O
24962;31;O
24967;24;O
24971;38;O
24993;33;O
25011;29;O
25017;52;O
25023;31;O
25029;42;O
25030;45;O
25037;26;O
25046;46;I
25058;59;O
25060;27;O
25067;45;O
25075;72;I
25076;60;O
25086;29;O
25090;42;O
25102;17;O
25117;17;O
25117;52;O
25125;18;O
25153;25;O
25159;49;I
25160;21;O
25161;35;O
25168;56;O
25177;48;O
25181;23;O
25186;44;O
25188;38;O
25189;41;O
25246;28;O
25256;43;O
25271;47;O
25272;57;O
25275;50;I
25275;19;O
25276;24;O
25283;41;O
25291;33;O
25306;40;O
25310;27;O
25341;39;O
25342;22;O
25357;46;O
25366;29;O
25374;57;I
25374;27;O
25377;62;I
25404;51;O
25442;35;O
25442;33;O
25452;39;O
25453;43;O
25464;52;O
25483;22;O
25497;7;O
25502;39;O
25505;63;I
25508;55;O
25511;36;O
25517;48;O
25519;53;O
25538;21;O
25539;43;O
25566;35;O
25584;55;I
25590;20;O
25605;23;O
25632;46;O
25658;35;O
25667;25;O
25685;47;I
25694;37;O
25696;52;O
25701;41;O
25702;67;I
25703;38;O
25713;33;O
25722;17;O
25726;54;O
25746;33;O
25752;20;O
25758;29;O
25760;25;O
25775;22;O
25778;23;O
25780;49;O
25789;40;O
25790;20;O
25791;15;O
25801;34;O
25808;54;I
25825;26;O
25835;18;O
25841;45;O
25878;53;I
25895;23;O
25898;35;O
25914;45;O
25917;20;O
25925;66;O
25938;49;O
25948;52;O
25955;29;O
25957;29;O
25967;16;O
25983;69;O
25984;40;O
25991;40;O
25993;36;O
25994;30;O
25998;31;O
26002;50;I
26003;39;I
26013;43;O
26041;40;O
26052;44;O
26059;48;O
26074;18;O
26098;57;O
26107;62;I
26114;31;O
26123;36;O
26131;30;O
26131;50;O
26147;20;O
26155;61;O
26164;25;O
26176;34;O
26181;39;O
26185;40;O
26189;27;O
26202;62;I
26226;31;O
26235;36;O
26241;28;O
26246;31;O
26251;29;O
26251;40;O
26254;56;O
26257;38;O
26270;30;O
26320;39;O
26334;61;I
26338;15;O
26343;26;O
26345;50;O
26351;50;O
26355;27;O
26356;18;O
26369;27;O
26390;40;O
26393;83;I
26396;40;O
26404;49;O
26440;51;I
26468;34;O
26498;13;O
26509;25;O
26516;34;O
26525;68;I
26528;31;O
26528;28;O
26533;21;O
26537;18;O
26566;66;O
26580;60;O
26585;62;O
26589;14;O
26596;71;O
26622;17;O
26642;29;I
26660;67;I
26663;19;O
26664;23;O
26672;35;O
26683;52;O
26684;30;O
26693;12;O
26695;11;O
26698;26;O
26703;41;O
26717;28;O
26727;34;O
26743;47;I
26755;7;O
26756;37;O
26756;30;O
26757;11;O
26772;30;O
26776;23;O
26794;19;O
26801;37;O
26810;19;O
26826;53;I
26839;12;O
26844;46;O
26884;58;O
26900;47;O
26903;25;O
26922;53;O
26927;35;O
26932;37;O
26937;45;O
26938;53;O
26945;34;O
26946;42;O
26950;22;O
26951;44;O
26955;50;O
26962;57;I
26972;27;O
26987;26;O
26990;59;O
26993;52;I
27004;45;O
27005;20;O
27029;46;O
27030;29;O
27060;43;O
27062;21;O
27068;47;I
27086;19;O
27105;37;O
27108;29;O
27131;30;O
27132;49;I
27134;59;O
27163;14;O
27169;24;O
27182;27;O
27199;23;O
27220;32;O
27235;29;O
27242;38;O
27244;18;O
27248;21;O
27248;24;O
27250;38;O
27264;38;O
27282;34;O
27288;54;I
27304;45;I
27314;26;O
27327;19;O
27328;27;O
27329;49;O
27334;20;O
27340;22;O
27354;37;O
27367;44;I
27368;61;O
27389;52;O
27400;38;O
27430;24;O
27441;26;O
27466;68;I
27472;19;O
27487;6;O
27497;44;O
27507;29;O
27514;37;O
27517;35;O
27519;23;O
27533;32;O
27535;51;O
27546;31;I
27549;21;O
27572;25;O
27585;21;O
27611;51;O
27616;18;O
27618;8;O
27618;26;O
27623;21;O
27629;41;O
27629;49;I
27638;27;O
27641;37;O
27653;27;O
27656;19;O
27669;42;I
27699;25;O
27702;21;O
27706;28;O
27715;37;O
27717;18;O
27733;10;O
27748;41;O
27762;52;I
27767;55;O
27787;51;O
27797;27;O
27805;43;O
27828;20;O
27830;46;O
27843;23;O
27844;28;O
27849;17;O
27858;19;O
27865;63;O
27868;42;O
27872;24;O
27878;47;O
27884;50;O
27898;61;I
27905;20;O
27913;40;I
27942;42;O
27960;37;O
27962;40;I
27988;51;O
27993;34;O
27997;28;O
28011;46;O
28013;26;O
28019;43;O
28027;31;O
28037;28;O
28044;24;O
28048;60;O
28067;26;O
28078;39;O
28083;23;O
28086;25;O
28089;35;O
28105;52;I
28130;22;O
28135;39;O
28137;15;O
28174;46;O
28180;45;O
28184;29;O
28185;38;O
28211;37;O
28217;46;O
28218;29;O
28224;61;I
28233;17;O
28234;45;O
28239;24;O
28242;17;O
28248;60;I
28250;54;O
28268;51;O
28287;85;O
28291;39;O
28312;48;O
28323;20;O
28340;36;O
28342;21;O
28353;50;O
28355;61;I
28361;24;O
28365;22;O
28379;32;O
28383;53;I
28386;36;O
28392;28;O
28423;53;O
28428;48;O
28471;29;O
28502;44;I
28506;35;O
28508;38;O
28513;32;O
28522;27;O
28524;57;O
28533;37;O
28541;60;O
28542;43;O
28545;14;O
28552;13;O
28553;27;O
28577;20;O
28585;37;I
28594;30;O
28597;25;O
28613;21;O
28616;36;I
28621;42;O
28635;33;O
28643;31;O
28656;36;O
28682;42;O
28686;47;O
28691;44;O
28694;20;O
28701;66;I
28718;18;O
28719;6;O
28723;33;O
28736;35;O
28743;21;O
28748;29;O
28751;43;O
