#TimeStamp;MemoryUsage;RealTime;OverallControllerTimes
0;218.84;0.08;PP/0,TA/0,IS/0,PS/0,RB/0.01,OB/0.01,RP/0
59.85;223.16;10.26;PP/8.72,TA/1.33,IS/0,PS/0.28,RB/0.01,OB/0.01,RP/0
119.76;203.52;12.32;PP/10.43,TA/1.64,IS/0,PS/0.58,RB/0.01,OB/0.02,RP/0
179.93;203.55;12.76;PP/10.49,TA/1.99,IS/0,PS/0.71,RB/0.01,OB/0.02,RP/0
239.83;202.48;13.26;PP/10.59,TA/2.35,IS/0,PS/0.98,RB/0.01,OB/0.02,RP/0
299.88;199.62;14.09;PP/11.13,TA/2.61,IS/0,PS/1.03,RB/0.01,OB/0.03,RP/0
359.97;199.63;14.68;PP/11.37,TA/2.91,IS/0,PS/1.05,RB/0.01,OB/0.03,RP/0
419.77;198.54;15.21;PP/11.61,TA/3.17,IS/0,PS/1.08,RB/0.01,OB/0.03,RP/0
479.93;198.12;15.92;PP/12.08,TA/3.37,IS/0,PS/1.13,RB/0.01,OB/0.04,RP/0
539.98;190.85;17.22;PP/13.09,TA/3.61,IS/0,PS/1.17,RB/0.01,OB/0.04,RP/0
599.76;187.82;17.58;PP/13.36,TA/3.66,IS/0,PS/1.19,RB/0.01,OB/0.05,RP/0
659.98;186.5;18.56;PP/13.8,TA/4.15,IS/0,PS/1.25,RB/0.01,OB/0.05,RP/0
719.98;186.51;19;PP/13.96,TA/4.4,IS/0,PS/1.28,RB/0.01,OB/0.05,RP/0
779.95;184.73;19.5;PP/14.17,TA/4.65,IS/0,PS/1.33,RB/0.01,OB/0.06,RP/0
839.95;184.7;19.93;PP/14.42,TA/4.79,IS/0,PS/1.36,RB/0.01,OB/0.06,RP/0
899.89;183.76;20.23;PP/14.62,TA/4.85,IS/0,PS/1.38,RB/0.01,OB/0.06,RP/0
959.95;183.59;20.6;PP/14.79,TA/5,IS/0,PS/1.4,RB/0.01,OB/0.07,RP/0
1019.84;182.93;21.19;PP/15.05,TA/5.3,IS/0,PS/1.45,RB/0.01,OB/0.07,RP/0
1079.72;176.35;22.48;PP/16.18,TA/5.42,IS/0,PS/1.46,RB/0.01,OB/0.08,RP/0
1139.9;174.88;23.11;PP/16.63,TA/5.55,IS/0,PS/1.52,RB/0.01,OB/0.08,RP/0
1199.93;179.44;23.61;PP/16.97,TA/5.67,IS/0,PS/1.56,RB/0.01,OB/0.08,RP/0
1259.96;178.39;24.34;PP/17.38,TA/5.94,IS/0,PS/1.61,RB/0.01,OB/0.09,RP/0
1320;178.25;24.95;PP/17.88,TA/6.01,IS/0,PS/1.65,RB/0.01,OB/0.09,RP/0
1379.96;178.83;25.72;PP/18.43,TA/6.18,IS/0,PS/1.7,RB/0.01,OB/0.09,RP/0
1439.97;179.11;26.13;PP/18.69,TA/6.28,IS/0.01,PS/1.74,RB/0.01,OB/0.1,RP/0
1499.84;208.14;27.56;PP/19.98,TA/6.36,IS/0.01,PS/1.77,RB/0.01,OB/0.11,RP/0
1559.95;204.71;28.48;PP/20.64,TA/6.58,IS/0.01,PS/1.8,RB/0.01,OB/0.11,RP/0
1619.95;204.5;29.03;PP/21,TA/6.74,IS/0.01,PS/1.83,RB/0.01,OB/0.12,RP/0
1679.95;203.11;29.43;PP/21.21,TA/6.87,IS/0.01,PS/1.86,RB/0.01,OB/0.12,RP/0
1739.97;201.88;29.92;PP/21.54,TA/7,IS/0.01,PS/1.9,RB/0.01,OB/0.12,RP/0
1799.91;202.47;30.47;PP/21.89,TA/7.15,IS/0.01,PS/1.92,RB/0.02,OB/0.13,RP/0
1859.68;202.55;31.12;PP/22.38,TA/7.26,IS/0.01,PS/1.95,RB/0.02,OB/0.13,RP/0
1919.99;203.89;31.64;PP/22.79,TA/7.32,IS/0.01,PS/1.95,RB/0.02,OB/0.14,RP/0
1979.93;207.35;32.64;PP/23.31,TA/7.73,IS/0.01,PS/2.09,RB/0.02,OB/0.15,RP/0
2039.99;207.34;33.4;PP/23.84,TA/7.91,IS/0.01,PS/2.13,RB/0.02,OB/0.15,RP/0
2099.99;206.63;33.75;PP/24.05,TA/8.01,IS/0.01,PS/2.16,RB/0.02,OB/0.15,RP/0
2159.98;280.51;34.43;PP/24.5,TA/8.17,IS/0.01,PS/2.21,RB/0.02,OB/0.16,RP/0
2219.85;244.36;35.49;PP/25.44,TA/8.25,IS/0.01,PS/2.27,RB/0.02,OB/0.16,RP/0
2279.93;244.36;35.83;PP/25.66,TA/8.32,IS/0.01,PS/2.32,RB/0.02,OB/0.17,RP/0
2339.96;240.49;36.27;PP/25.98,TA/8.39,IS/0.01,PS/2.33,RB/0.02,OB/0.17,RP/0
2399.99;238.38;37;PP/26.49,TA/8.55,IS/0.01,PS/2.35,RB/0.02,OB/0.18,RP/0
2459.84;233.41;37.72;PP/27.04,TA/8.69,IS/0.01,PS/2.41,RB/0.02,OB/0.18,RP/0
2519.97;233.07;38.06;PP/27.25,TA/8.78,IS/0.01,PS/2.45,RB/0.02,OB/0.18,RP/0
2579.78;232.04;38.58;PP/27.64,TA/8.87,IS/0.01,PS/2.49,RB/0.02,OB/0.19,RP/0
2639.99;231.6;39.17;PP/28.03,TA/9.01,IS/0.01,PS/2.52,RB/0.02,OB/0.19,RP/0
2699.9;231.53;39.59;PP/28.31,TA/9.13,IS/0.01,PS/2.54,RB/0.02,OB/0.19,RP/0
2759.87;231.53;39.96;PP/28.53,TA/9.22,IS/0.01,PS/2.57,RB/0.02,OB/0.2,RP/0
2819.86;230.3;40.55;PP/29.02,TA/9.26,IS/0.01,PS/2.59,RB/0.02,OB/0.2,RP/0
2879.97;229.08;40.88;PP/29.25,TA/9.31,IS/0.01,PS/2.61,RB/0.02,OB/0.21,RP/0
2939.94;235.09;44.31;PP/32.57,TA/9.39,IS/0.01,PS/2.64,RB/0.02,OB/0.21,RP/0
2999.82;233.34;44.77;PP/32.86,TA/9.52,IS/0.01,PS/2.67,RB/0.02,OB/0.21,RP/0
3059.89;234.01;45.44;PP/33.34,TA/9.66,IS/0.01,PS/2.71,RB/0.02,OB/0.22,RP/0
3119.93;233.91;46.53;PP/34.32,TA/9.73,IS/0.01,PS/2.74,RB/0.02,OB/0.22,RP/0
3179.99;231.47;47.2;PP/34.81,TA/9.87,IS/0.01,PS/2.78,RB/0.02,OB/0.22,RP/0
3239.83;232.25;47.56;PP/35.12,TA/9.89,IS/0.01,PS/2.8,RB/0.02,OB/0.22,RP/0
3299.82;231.57;48.22;PP/35.56,TA/10.05,IS/0.01,PS/2.84,RB/0.02,OB/0.23,RP/0
3359.93;231.78;48.88;PP/36.09,TA/10.14,IS/0.01,PS/2.86,RB/0.02,OB/0.23,RP/0
3419.8;231.75;49.24;PP/36.3,TA/10.25,IS/0.01,PS/2.9,RB/0.02,OB/0.23,RP/0
3479.64;232.02;50.15;PP/37.08,TA/10.34,IS/0.01,PS/2.92,RB/0.02,OB/0.24,RP/0
3539.62;234.8;50.84;PP/37.56,TA/10.5,IS/0.01,PS/2.95,RB/0.02,OB/0.24,RP/0
3599.87;235.32;51.86;PP/38.44,TA/10.59,IS/0.01,PS/2.96,RB/0.02,OB/0.24,RP/0
3659.99;237.14;53.54;PP/39.98,TA/10.68,IS/0.01,PS/2.98,RB/0.02,OB/0.25,RP/0
3719.75;236.51;54.07;PP/40.37,TA/10.79,IS/0.01,PS/3.01,RB/0.02,OB/0.25,RP/0
3779.83;236.51;54.49;PP/40.68,TA/10.85,IS/0.01,PS/3.05,RB/0.02,OB/0.25,RP/0
3839.98;236.72;55.19;PP/41.19,TA/10.99,IS/0.01,PS/3.07,RB/0.02,OB/0.26,RP/0
3899.66;236.82;55.94;PP/41.82,TA/11.06,IS/0.01,PS/3.1,RB/0.02,OB/0.26,RP/0
3959.86;243.14;56.63;PP/42.34,TA/11.18,IS/0.01,PS/3.13,RB/0.02,OB/0.26,RP/0
4019.92;272.4;57.51;PP/43.12,TA/11.24,IS/0.01,PS/3.14,RB/0.03,OB/0.27,RP/0
4079.9;255.71;57.9;PP/43.44,TA/11.26,IS/0.01,PS/3.16,RB/0.03,OB/0.27,RP/0
4139.97;176.68;59.06;PP/44.49,TA/11.32,IS/0.01,PS/3.17,RB/0.03,OB/0.28,RP/0
4199.77;174.16;59.48;PP/44.74,TA/11.46,IS/0.01,PS/3.21,RB/0.03,OB/0.28,RP/0
4259.97;173.61;60.14;PP/45.25,TA/11.55,IS/0.01,PS/3.24,RB/0.03,OB/0.28,RP/0
4319.95;173.58;60.69;PP/45.69,TA/11.62,IS/0.01,PS/3.26,RB/0.03,OB/0.29,RP/0
4379.99;170.81;61.39;PP/46.31,TA/11.66,IS/0.01,PS/3.29,RB/0.03,OB/0.29,RP/0
4439.81;169.2;62.01;PP/46.8,TA/11.73,IS/0.01,PS/3.32,RB/0.03,OB/0.29,RP/0
4499.88;168.13;62.89;PP/47.61,TA/11.77,IS/0.01,PS/3.35,RB/0.03,OB/0.3,RP/0
4559.79;168.32;63.33;PP/47.96,TA/11.81,IS/0.01,PS/3.37,RB/0.03,OB/0.3,RP/0
4619.75;168.32;63.65;PP/48.19,TA/11.85,IS/0.01,PS/3.39,RB/0.03,OB/0.3,RP/0
4679.88;171.95;64.39;PP/48.77,TA/11.96,IS/0.01,PS/3.42,RB/0.03,OB/0.31,RP/0
4739.97;171.07;65.09;PP/49.38,TA/12,IS/0.01,PS/3.44,RB/0.03,OB/0.31,RP/0
4799.72;171.36;65.58;PP/49.77,TA/12.05,IS/0.01,PS/3.46,RB/0.03,OB/0.31,RP/0
4860;171.38;66.17;PP/50.25,TA/12.1,IS/0.01,PS/3.48,RB/0.03,OB/0.32,RP/0
4919.95;185.12;70.32;PP/54.29,TA/12.16,IS/0.01,PS/3.5,RB/0.03,OB/0.32,RP/0
4979.97;185.05;70.76;PP/54.64,TA/12.2,IS/0.01,PS/3.51,RB/0.03,OB/0.32,RP/0
5039.74;186.46;72.03;PP/55.83,TA/12.23,IS/0.01,PS/3.53,RB/0.03,OB/0.33,RP/0
5099.96;216.27;73.36;PP/57.08,TA/12.27,IS/0.01,PS/3.53,RB/0.03,OB/0.33,RP/0
5159.66;253.86;74.29;PP/57.89,TA/12.34,IS/0.01,PS/3.57,RB/0.03,OB/0.33,RP/0
5219.96;220.78;74.83;PP/58.32,TA/12.4,IS/0.01,PS/3.58,RB/0.03,OB/0.34,RP/0
5279.96;219.86;75.34;PP/58.73,TA/12.46,IS/0.01,PS/3.6,RB/0.03,OB/0.34,RP/0
5339.97;219.24;75.69;PP/58.96,TA/12.54,IS/0.01,PS/3.61,RB/0.03,OB/0.35,RP/0
5399.88;218.11;76.16;PP/59.31,TA/12.6,IS/0.01,PS/3.65,RB/0.03,OB/0.35,RP/0
5459.81;217.22;76.73;PP/59.79,TA/12.65,IS/0.01,PS/3.69,RB/0.03,OB/0.35,RP/0
5519.97;217.21;77.05;PP/60.01,TA/12.7,IS/0.01,PS/3.71,RB/0.03,OB/0.35,RP/0
5579.89;216.49;77.38;PP/60.27,TA/12.74,IS/0.01,PS/3.74,RB/0.03,OB/0.36,RP/0
5639.95;216.41;77.82;PP/60.55,TA/12.85,IS/0.01,PS/3.75,RB/0.03,OB/0.36,RP/0
5699.97;215.7;78.29;PP/60.93,TA/12.9,IS/0.01,PS/3.77,RB/0.03,OB/0.36,RP/0
5759.98;214.6;78.7;PP/61.26,TA/12.94,IS/0.01,PS/3.79,RB/0.03,OB/0.37,RP/0
5819.76;214.55;79.2;PP/61.65,TA/13,IS/0.01,PS/3.81,RB/0.03,OB/0.37,RP/0
5879.93;214.55;79.69;PP/62,TA/13.1,IS/0.01,PS/3.84,RB/0.03,OB/0.37,RP/0
5939.94;206.59;80.26;PP/62.49,TA/13.13,IS/0.01,PS/3.85,RB/0.03,OB/0.38,RP/0
5999.67;204.64;80.73;PP/62.86,TA/13.19,IS/0.01,PS/3.86,RB/0.03,OB/0.38,RP/0
6059.93;203.75;81.38;PP/63.33,TA/13.33,IS/0.01,PS/3.91,RB/0.03,OB/0.38,RP/0
6120;204.59;82.02;PP/63.88,TA/13.37,IS/0.01,PS/3.92,RB/0.03,OB/0.39,RP/0
6179.76;202.43;82.49;PP/64.27,TA/13.41,IS/0.01,PS/3.93,RB/0.03,OB/0.39,RP/0
6239.93;204.51;83.51;PP/65.17,TA/13.48,IS/0.01,PS/3.96,RB/0.03,OB/0.39,RP/0
6299.97;204.51;83.92;PP/65.44,TA/13.58,IS/0.01,PS/3.97,RB/0.03,OB/0.4,RP/0
6359.73;204.12;84.3;PP/65.74,TA/13.62,IS/0.01,PS/4,RB/0.03,OB/0.4,RP/0
6419.94;204.12;84.68;PP/66.04,TA/13.65,IS/0.01,PS/4.02,RB/0.03,OB/0.4,RP/0
6479.97;210.21;86.44;PP/67.71,TA/13.69,IS/0.01,PS/4.04,RB/0.03,OB/0.41,RP/0
6539.69;209.67;86.72;PP/67.92,TA/13.72,IS/0.01,PS/4.06,RB/0.03,OB/0.41,RP/0
6599.99;210.58;87.18;PP/68.27,TA/13.75,IS/0.01,PS/4.07,RB/0.03,OB/0.41,RP/0
6659.98;209.95;88.82;PP/69.79,TA/13.8,IS/0.01,PS/4.09,RB/0.03,OB/0.42,RP/0
6719.98;210.71;89.43;PP/70.32,TA/13.85,IS/0.01,PS/4.1,RB/0.03,OB/0.42,RP/0
6779.97;210.71;90.01;PP/70.82,TA/13.88,IS/0.01,PS/4.11,RB/0.03,OB/0.42,RP/0
6839.95;210.39;90.81;PP/71.45,TA/13.98,IS/0.01,PS/4.12,RB/0.03,OB/0.43,RP/0
6899.95;211.78;92.02;PP/72.56,TA/14.02,IS/0.01,PS/4.12,RB/0.03,OB/0.43,RP/0
6959.72;215.52;93.84;PP/74.28,TA/14.08,IS/0.01,PS/4.12,RB/0.03,OB/0.44,RP/0
7019.59;214.3;94.64;PP/75,TA/14.1,IS/0.01,PS/4.14,RB/0.03,OB/0.44,RP/0
7079.97;214.29;94.93;PP/75.22,TA/14.14,IS/0.01,PS/4.15,RB/0.03,OB/0.44,RP/0
7139.85;214.45;95.85;PP/76.04,TA/14.2,IS/0.01,PS/4.17,RB/0.03,OB/0.45,RP/0
7199.97;214.45;96.36;PP/76.48,TA/14.23,IS/0.01,PS/4.17,RB/0.03,OB/0.45,RP/0
7259.82;233.14;104.09;PP/84.14,TA/14.26,IS/0.01,PS/4.17,RB/0.03,OB/0.45,RP/0
7319.98;233.14;104.44;PP/84.44,TA/14.27,IS/0.01,PS/4.18,RB/0.03,OB/0.45,RP/0
7379.99;234;104.93;PP/84.84,TA/14.31,IS/0.01,PS/4.18,RB/0.03,OB/0.46,RP/0
7439.66;236.95;105.82;PP/85.65,TA/14.35,IS/0.01,PS/4.19,RB/0.03,OB/0.46,RP/0
7499.81;235.12;106.48;PP/86.25,TA/14.37,IS/0.01,PS/4.2,RB/0.03,OB/0.47,RP/0
7559.95;235.11;106.71;PP/86.42,TA/14.39,IS/0.01,PS/4.2,RB/0.03,OB/0.47,RP/0
7619.91;227.58;109.96;PP/89.57,TA/14.44,IS/0.01,PS/4.21,RB/0.03,OB/0.47,RP/0
7679.92;219.11;111;PP/90.53,TA/14.46,IS/0.01,PS/4.21,RB/0.03,OB/0.47,RP/0
7739.84;216.39;111.86;PP/91.33,TA/14.48,IS/0.01,PS/4.21,RB/0.03,OB/0.48,RP/0
7799.9;214.83;112.4;PP/91.81,TA/14.51,IS/0.01,PS/4.22,RB/0.03,OB/0.48,RP/0
7859.86;214.09;113.02;PP/92.35,TA/14.54,IS/0.01,PS/4.22,RB/0.03,OB/0.49,RP/0
7919.99;214.09;113.71;PP/92.98,TA/14.57,IS/0.01,PS/4.22,RB/0.03,OB/0.49,RP/0
7979.99;211.7;114.41;PP/93.61,TA/14.59,IS/0.01,PS/4.22,RB/0.03,OB/0.49,RP/0
8039.94;210.09;115.44;PP/94.58,TA/14.61,IS/0.01,PS/4.22,RB/0.03,OB/0.49,RP/0
8099.88;206.45;116.05;PP/95.12,TA/14.64,IS/0.01,PS/4.23,RB/0.03,OB/0.5,RP/0
8159.76;204.21;116.77;PP/95.77,TA/14.66,IS/0.01,PS/4.23,RB/0.03,OB/0.5,RP/0
8219.92;204.2;117.25;PP/96.2,TA/14.68,IS/0.01,PS/4.23,RB/0.03,OB/0.5,RP/0
8279.99;201.47;118.04;PP/96.92,TA/14.7,IS/0.01,PS/4.23,RB/0.03,OB/0.5,RP/0
8339.87;201.4;118.42;PP/97.25,TA/14.72,IS/0.01,PS/4.23,RB/0.03,OB/0.51,RP/0
8399.97;199.87;119.02;PP/97.74,TA/14.78,IS/0.01,PS/4.23,RB/0.03,OB/0.51,RP/0
8459.97;195.52;120.43;PP/99.1,TA/14.8,IS/0.01,PS/4.24,RB/0.03,OB/0.51,RP/0
8519.92;193.15;121.5;PP/100.09,TA/14.82,IS/0.01,PS/4.24,RB/0.03,OB/0.52,RP/0
8579.97;184.6;123.1;PP/101.63,TA/14.84,IS/0.01,PS/4.24,RB/0.03,OB/0.52,RP/0
8639.94;182.84;124.61;PP/103.08,TA/14.86,IS/0.01,PS/4.25,RB/0.03,OB/0.52,RP/0
8699.66;182.84;124.86;PP/103.28,TA/14.88,IS/0.01,PS/4.25,RB/0.03,OB/0.53,RP/0
8759.96;182.58;125.28;PP/103.63,TA/14.91,IS/0.01,PS/4.25,RB/0.03,OB/0.53,RP/0
8820;185.61;126.25;PP/104.51,TA/14.95,IS/0.01,PS/4.25,RB/0.03,OB/0.53,RP/0
8879.87;195.71;131.54;PP/109.71,TA/14.98,IS/0.01,PS/4.27,RB/0.03,OB/0.54,RP/0
8939.74;217.55;139.42;PP/117.49,TA/15.04,IS/0.01,PS/4.28,RB/0.03,OB/0.54,RP/0
8999.91;226.72;139.95;PP/117.97,TA/15.05,IS/0.01,PS/4.28,RB/0.03,OB/0.54,RP/0
9059.98;224.01;140.08;PP/118.05,TA/15.08,IS/0.02,PS/4.28,RB/0.03,OB/0.54,RP/0
9119.89;221.27;140.6;PP/118.5,TA/15.11,IS/0.02,PS/4.28,RB/0.03,OB/0.55,RP/0
9179.9;220.06;142.14;PP/119.98,TA/15.12,IS/0.02,PS/4.28,RB/0.03,OB/0.55,RP/0
9239.65;220.95;143.37;PP/121.14,TA/15.15,IS/0.02,PS/4.28,RB/0.03,OB/0.55,RP/0
9299.82;254;153.46;PP/131.16,TA/15.18,IS/0.02,PS/4.29,RB/0.03,OB/0.56,RP/0
9359.97;246.64;155.78;PP/133.41,TA/15.2,IS/0.02,PS/4.29,RB/0.03,OB/0.56,RP/0
9419.65;246.64;156.19;PP/133.77,TA/15.21,IS/0.02,PS/4.29,RB/0.03,OB/0.56,RP/0
9479.97;243.95;158.62;PP/136.11,TA/15.25,IS/0.02,PS/4.3,RB/0.03,OB/0.57,RP/0
9539.8;174.57;159.36;PP/136.8,TA/15.26,IS/0.02,PS/4.3,RB/0.03,OB/0.57,RP/0
9599.68;179.9;163.07;PP/140.42,TA/15.3,IS/0.02,PS/4.31,RB/0.03,OB/0.57,RP/0
9659.92;189.31;168.07;PP/145.37,TA/15.31,IS/0.02,PS/4.32,RB/0.03,OB/0.57,RP/0
9719.89;189.31;168.23;PP/145.49,TA/15.31,IS/0.02,PS/4.32,RB/0.03,OB/0.58,RP/0
9779.61;189.3;168.57;PP/145.79,TA/15.32,IS/0.02,PS/4.32,RB/0.03,OB/0.58,RP/0
9839.92;188.04;168.91;PP/146.06,TA/15.34,IS/0.02,PS/4.32,RB/0.03,OB/0.58,RP/0
9899.98;197.21;169.52;PP/146.61,TA/15.36,IS/0.02,PS/4.34,RB/0.03,OB/0.58,RP/0
9959.8;197.71;170.05;PP/147.07,TA/15.4,IS/0.02,PS/4.36,RB/0.03,OB/0.59,RP/0
10019.85;196.11;170.41;PP/147.37,TA/15.41,IS/0.02,PS/4.36,RB/0.03,OB/0.59,RP/0
10079.97;195.41;170.74;PP/147.64,TA/15.44,IS/0.02,PS/4.36,RB/0.03,OB/0.6,RP/0
10139.92;193.91;172.44;PP/149.28,TA/15.45,IS/0.02,PS/4.36,RB/0.03,OB/0.6,RP/0
10199.99;202.53;178.04;PP/154.77,TA/15.52,IS/0.02,PS/4.37,RB/0.03,OB/0.6,RP/0
10259.58;202.71;180.05;PP/156.69,TA/15.56,IS/0.02,PS/4.38,RB/0.03,OB/0.6,RP/0
10319.89;203.25;180.55;PP/157.13,TA/15.58,IS/0.02,PS/4.39,RB/0.03,OB/0.61,RP/0
10379.99;204.74;181.06;PP/157.59,TA/15.6,IS/0.02,PS/4.39,RB/0.03,OB/0.61,RP/0
10440;216.69;182.45;PP/158.91,TA/15.62,IS/0.02,PS/4.4,RB/0.03,OB/0.61,RP/0
10499.94;207.59;183.72;PP/160.12,TA/15.63,IS/0.02,PS/4.4,RB/0.03,OB/0.61,RP/0
10559.92;207.56;184.14;PP/160.47,TA/15.66,IS/0.02,PS/4.41,RB/0.03,OB/0.62,RP/0
10619.82;219.86;184.9;PP/161.16,TA/15.68,IS/0.02,PS/4.42,RB/0.03,OB/0.62,RP/0
10679.87;211.7;186.52;PP/162.73,TA/15.69,IS/0.02,PS/4.42,RB/0.03,OB/0.62,RP/0
10739.94;211.49;187.67;PP/163.8,TA/15.72,IS/0.02,PS/4.43,RB/0.03,OB/0.63,RP/0
10799.98;218.32;189.97;PP/166.05,TA/15.73,IS/0.02,PS/4.43,RB/0.03,OB/0.63,RP/0
10859.64;218.92;191.57;PP/167.59,TA/15.75,IS/0.02,PS/4.44,RB/0.03,OB/0.63,RP/0
10919.94;228.22;194.74;PP/170.71,TA/15.76,IS/0.02,PS/4.44,RB/0.03,OB/0.64,RP/0
10979.97;226.45;195.61;PP/171.53,TA/15.77,IS/0.02,PS/4.44,RB/0.03,OB/0.64,RP/0
11039.94;226.42;196.24;PP/172.11,TA/15.78,IS/0.02,PS/4.44,RB/0.03,OB/0.64,RP/0
11099.98;230.09;199.82;PP/175.62,TA/15.8,IS/0.02,PS/4.44,RB/0.03,OB/0.65,RP/0
11159.87;230.27;200.9;PP/176.62,TA/15.84,IS/0.02,PS/4.47,RB/0.03,OB/0.65,RP/0
11219.8;240;201.96;PP/177.63,TA/15.85,IS/0.02,PS/4.47,RB/0.03,OB/0.65,RP/0
11279.88;239.09;202.54;PP/178.14,TA/15.87,IS/0.02,PS/4.47,RB/0.03,OB/0.65,RP/0
11339.77;239.09;202.94;PP/178.49,TA/15.88,IS/0.02,PS/4.47,RB/0.03,OB/0.66,RP/0
11399.98;248.33;203.38;PP/178.87,TA/15.89,IS/0.02,PS/4.47,RB/0.03,OB/0.66,RP/0
11459.95;245.44;205.57;PP/181,TA/15.92,IS/0.02,PS/4.48,RB/0.03,OB/0.66,RP/0
11519.92;242.98;206.65;PP/182.01,TA/15.94,IS/0.02,PS/4.49,RB/0.03,OB/0.66,RP/0
11579.86;238.81;207.66;PP/182.98,TA/15.95,IS/0.02,PS/4.5,RB/0.03,OB/0.67,RP/0
11639.97;239.64;208.51;PP/183.77,TA/15.96,IS/0.02,PS/4.5,RB/0.03,OB/0.67,RP/0
11699.94;243.06;209.33;PP/184.53,TA/15.98,IS/0.02,PS/4.51,RB/0.03,OB/0.67,RP/0
11759.87;240.26;210.24;PP/185.38,TA/15.99,IS/0.02,PS/4.51,RB/0.03,OB/0.67,RP/0
11819.96;243.05;210.71;PP/185.79,TA/16.01,IS/0.02,PS/4.51,RB/0.03,OB/0.68,RP/0
11879.96;241.95;211.69;PP/186.71,TA/16.04,IS/0.02,PS/4.54,RB/0.03,OB/0.68,RP/0
11939.91;240.66;212.18;PP/187.13,TA/16.06,IS/0.02,PS/4.54,RB/0.03,OB/0.68,RP/0
11999.9;182.05;216.71;PP/191.58,TA/16.08,IS/0.02,PS/4.55,RB/0.03,OB/0.69,RP/0
12059.97;188.82;221.81;PP/196.64,TA/16.09,IS/0.02,PS/4.55,RB/0.03,OB/0.69,RP/0
12119.97;190.15;222.04;PP/196.81,TA/16.11,IS/0.02,PS/4.55,RB/0.03,OB/0.69,RP/0
12179.99;190.07;222.36;PP/197.06,TA/16.14,IS/0.02,PS/4.56,RB/0.03,OB/0.7,RP/0
12239.91;198.94;223.26;PP/197.92,TA/16.15,IS/0.02,PS/4.56,RB/0.03,OB/0.7,RP/0
12299.95;198.11;226.16;PP/200.76,TA/16.16,IS/0.02,PS/4.56,RB/0.03,OB/0.7,RP/0
12359.77;197.71;227.01;PP/201.55,TA/16.18,IS/0.02,PS/4.57,RB/0.03,OB/0.7,RP/0
12419.88;197.93;227.45;PP/201.94,TA/16.19,IS/0.02,PS/4.57,RB/0.03,OB/0.71,RP/0
12479.98;197.35;227.72;PP/202.16,TA/16.2,IS/0.02,PS/4.57,RB/0.03,OB/0.71,RP/0
12539.85;197.38;228.08;PP/202.47,TA/16.22,IS/0.02,PS/4.58,RB/0.03,OB/0.71,RP/0
12599.95;198.52;228.56;PP/202.88,TA/16.24,IS/0.02,PS/4.58,RB/0.03,OB/0.72,RP/0
12659.91;197.83;229.2;PP/203.47,TA/16.25,IS/0.02,PS/4.58,RB/0.03,OB/0.72,RP/0
12719.77;203.75;232.19;PP/206.38,TA/16.28,IS/0.02,PS/4.59,RB/0.03,OB/0.72,RP/0
12779.88;203.69;232.77;PP/206.9,TA/16.3,IS/0.02,PS/4.61,RB/0.03,OB/0.72,RP/0
12839.69;204.24;233.26;PP/207.33,TA/16.32,IS/0.02,PS/4.62,RB/0.03,OB/0.73,RP/0
12899.7;202.47;234.11;PP/208.12,TA/16.34,IS/0.02,PS/4.63,RB/0.03,OB/0.73,RP/0
12959.89;202.91;234.65;PP/208.59,TA/16.35,IS/0.02,PS/4.63,RB/0.03,OB/0.73,RP/0
13019.99;203.14;235.59;PP/209.49,TA/16.36,IS/0.02,PS/4.63,RB/0.03,OB/0.73,RP/0
13079.9;204.25;236;PP/209.84,TA/16.37,IS/0.02,PS/4.63,RB/0.03,OB/0.74,RP/0
13139.81;203.81;236.74;PP/210.53,TA/16.38,IS/0.02,PS/4.63,RB/0.03,OB/0.74,RP/0
13199.98;204.3;237.33;PP/211.06,TA/16.41,IS/0.02,PS/4.65,RB/0.03,OB/0.74,RP/0
13259.98;204.35;237.66;PP/211.35,TA/16.42,IS/0.02,PS/4.65,RB/0.03,OB/0.74,RP/0
13319.96;204.35;237.84;PP/211.47,TA/16.43,IS/0.02,PS/4.65,RB/0.03,OB/0.75,RP/0
13379.98;303.04;251;PP/224.56,TA/16.46,IS/0.02,PS/4.66,RB/0.03,OB/0.75,RP/0
13439.98;271.23;251.65;PP/225.15,TA/16.47,IS/0.02,PS/4.66,RB/0.03,OB/0.75,RP/0
13499.98;270.35;252.2;PP/225.66,TA/16.48,IS/0.02,PS/4.66,RB/0.03,OB/0.75,RP/0
13559.96;267.87;253.49;PP/226.89,TA/16.49,IS/0.02,PS/4.67,RB/0.03,OB/0.76,RP/0
13619.91;267.81;254.03;PP/227.39,TA/16.5,IS/0.02,PS/4.67,RB/0.03,OB/0.76,RP/0
13679.81;267.82;254.3;PP/227.6,TA/16.51,IS/0.02,PS/4.67,RB/0.03,OB/0.76,RP/0
13739.9;267.82;254.8;PP/228.05,TA/16.52,IS/0.02,PS/4.68,RB/0.03,OB/0.77,RP/0
13799.81;185.15;255.73;PP/228.92,TA/16.54,IS/0.02,PS/4.68,RB/0.03,OB/0.77,RP/0
13859.94;184.13;256.14;PP/229.26,TA/16.55,IS/0.02,PS/4.68,RB/0.03,OB/0.77,RP/0
13919.96;182.49;256.88;PP/229.93,TA/16.57,IS/0.02,PS/4.69,RB/0.03,OB/0.78,RP/0
13979.87;213.91;260.85;PP/233.83,TA/16.6,IS/0.02,PS/4.7,RB/0.03,OB/0.78,RP/0
14039.96;213.93;261.34;PP/234.26,TA/16.62,IS/0.02,PS/4.71,RB/0.03,OB/0.78,RP/0
14099.72;213.93;261.51;PP/234.39,TA/16.63,IS/0.02,PS/4.71,RB/0.03,OB/0.79,RP/0
14159.96;212.94;262.31;PP/235.14,TA/16.64,IS/0.02,PS/4.71,RB/0.03,OB/0.79,RP/0
14219.98;205.77;263.54;PP/236.31,TA/16.65,IS/0.02,PS/4.71,RB/0.03,OB/0.79,RP/0
14279.66;194.22;264.79;PP/237.5,TA/16.67,IS/0.02,PS/4.73,RB/0.03,OB/0.79,RP/0
14339.99;189.5;266.45;PP/239.12,TA/16.68,IS/0.02,PS/4.73,RB/0.03,OB/0.8,RP/0
14399.93;189.23;267.08;PP/239.71,TA/16.69,IS/0.02,PS/4.73,RB/0.03,OB/0.8,RP/0
14459.75;189.78;268.15;PP/240.72,TA/16.69,IS/0.02,PS/4.73,RB/0.03,OB/0.8,RP/0
14519.92;189.83;268.93;PP/241.45,TA/16.7,IS/0.02,PS/4.73,RB/0.03,OB/0.81,RP/0
14579.86;190.88;270.38;PP/242.83,TA/16.72,IS/0.02,PS/4.74,RB/0.03,OB/0.81,RP/0
14639.99;190.92;270.87;PP/243.27,TA/16.73,IS/0.02,PS/4.74,RB/0.03,OB/0.81,RP/0
14699.99;191.36;271.49;PP/243.85,TA/16.74,IS/0.02,PS/4.74,RB/0.03,OB/0.81,RP/0
14759.99;191.4;272.53;PP/244.81,TA/16.76,IS/0.02,PS/4.75,RB/0.03,OB/0.82,RP/0
14819.94;192.8;273.93;PP/246.16,TA/16.77,IS/0.02,PS/4.76,RB/0.03,OB/0.82,RP/0
14880;193.68;274.93;PP/247.1,TA/16.79,IS/0.02,PS/4.77,RB/0.03,OB/0.82,RP/0
14939.93;193.51;275.47;PP/247.59,TA/16.8,IS/0.02,PS/4.77,RB/0.03,OB/0.83,RP/0
14999.95;198.05;277.54;PP/249.6,TA/16.81,IS/0.02,PS/4.77,RB/0.03,OB/0.83,RP/0
15059.71;199.07;278.06;PP/250.05,TA/16.83,IS/0.02,PS/4.78,RB/0.03,OB/0.83,RP/0
15120;208.02;279.81;PP/251.72,TA/16.87,IS/0.02,PS/4.8,RB/0.03,OB/0.84,RP/0
15180;204.38;280.32;PP/252.19,TA/16.88,IS/0.02,PS/4.8,RB/0.03,OB/0.84,RP/0
15239.99;204.94;280.7;PP/252.52,TA/16.88,IS/0.02,PS/4.8,RB/0.03,OB/0.84,RP/0
15299.99;204.83;281.25;PP/253.02,TA/16.89,IS/0.02,PS/4.8,RB/0.03,OB/0.85,RP/0
15359.73;204.63;281.77;PP/253.48,TA/16.91,IS/0.02,PS/4.81,RB/0.03,OB/0.85,RP/0
15419.98;218.05;282.73;PP/254.37,TA/16.92,IS/0.02,PS/4.81,RB/0.03,OB/0.85,RP/0
15479.81;217.96;283.21;PP/254.8,TA/16.93,IS/0.02,PS/4.81,RB/0.03,OB/0.85,RP/0
15539.86;217.96;283.63;PP/255.17,TA/16.94,IS/0.02,PS/4.81,RB/0.03,OB/0.86,RP/0
15599.7;222.18;287.47;PP/258.96,TA/16.95,IS/0.02,PS/4.81,RB/0.03,OB/0.86,RP/0
15659.89;218.47;288.26;PP/259.7,TA/16.96,IS/0.02,PS/4.81,RB/0.03,OB/0.86,RP/0
15719.85;215.98;288.69;PP/260.08,TA/16.97,IS/0.02,PS/4.82,RB/0.03,OB/0.87,RP/0
15779.99;217.93;289.76;PP/261.08,TA/16.99,IS/0.02,PS/4.82,RB/0.03,OB/0.87,RP/0
15839.59;215.57;290.77;PP/262.05,TA/17,IS/0.02,PS/4.82,RB/0.03,OB/0.87,RP/0
15899.84;217.33;291.71;PP/262.94,TA/17,IS/0.02,PS/4.82,RB/0.03,OB/0.87,RP/0
15959.8;218.33;292.27;PP/263.45,TA/17.01,IS/0.02,PS/4.82,RB/0.03,OB/0.88,RP/0
16019.72;221.01;292.87;PP/264,TA/17.02,IS/0.02,PS/4.82,RB/0.03,OB/0.88,RP/0
16079.96;226.16;293.64;PP/264.72,TA/17.03,IS/0.02,PS/4.82,RB/0.03,OB/0.88,RP/0
16139.99;224.37;296.9;PP/267.93,TA/17.04,IS/0.02,PS/4.82,RB/0.03,OB/0.89,RP/0
16199.96;176.39;303.33;PP/274.3,TA/17.05,IS/0.02,PS/4.83,RB/0.03,OB/0.89,RP/0
16259.78;178.44;304.92;PP/275.84,TA/17.06,IS/0.02,PS/4.83,RB/0.03,OB/0.89,RP/0
16319.96;184.48;306.91;PP/277.78,TA/17.08,IS/0.02,PS/4.84,RB/0.03,OB/0.89,RP/0
16379.96;187.22;308.33;PP/279.15,TA/17.09,IS/0.02,PS/4.84,RB/0.03,OB/0.9,RP/0
16439.95;184.01;308.95;PP/279.72,TA/17.1,IS/0.02,PS/4.85,RB/0.03,OB/0.9,RP/0
16500;182.99;309.53;PP/280.23,TA/17.12,IS/0.02,PS/4.85,RB/0.03,OB/0.9,RP/0
16559.97;183.07;310.11;PP/280.76,TA/17.13,IS/0.02,PS/4.85,RB/0.03,OB/0.9,RP/0
16619.98;185.2;311.31;PP/281.93,TA/17.14,IS/0.02,PS/4.85,RB/0.03,OB/0.91,RP/0
16679.87;190.6;312.14;PP/282.7,TA/17.16,IS/0.02,PS/4.85,RB/0.03,OB/0.91,RP/0
16739.97;190.6;312.61;PP/283.12,TA/17.17,IS/0.02,PS/4.85,RB/0.03,OB/0.91,RP/0
16799.98;190.3;313.51;PP/283.97,TA/17.18,IS/0.02,PS/4.85,RB/0.03,OB/0.92,RP/0
16859.96;194.58;314.35;PP/284.76,TA/17.19,IS/0.02,PS/4.85,RB/0.03,OB/0.92,RP/0
16919.92;190.02;315.24;PP/285.6,TA/17.19,IS/0.02,PS/4.85,RB/0.03,OB/0.92,RP/0
16980;194.31;318.94;PP/289.25,TA/17.2,IS/0.02,PS/4.85,RB/0.03,OB/0.92,RP/0
17039.98;195.1;319.42;PP/289.68,TA/17.21,IS/0.02,PS/4.85,RB/0.03,OB/0.93,RP/0
17099.97;195.65;320.23;PP/290.45,TA/17.22,IS/0.02,PS/4.85,RB/0.03,OB/0.93,RP/0
17160;195.9;321.05;PP/291.2,TA/17.23,IS/0.02,PS/4.85,RB/0.03,OB/0.93,RP/0
17219.92;195.34;321.67;PP/291.76,TA/17.25,IS/0.02,PS/4.85,RB/0.03,OB/0.93,RP/0
17279.87;195.34;322.33;PP/292.37,TA/17.26,IS/0.02,PS/4.85,RB/0.03,OB/0.94,RP/0
17339.82;199.86;323.86;PP/293.86,TA/17.27,IS/0.02,PS/4.86,RB/0.03,OB/0.94,RP/0
17399.97;199.86;324.24;PP/294.18,TA/17.29,IS/0.02,PS/4.86,RB/0.03,OB/0.94,RP/0
17459.88;213.39;336.17;PP/306.05,TA/17.31,IS/0.02,PS/4.87,RB/0.03,OB/0.95,RP/0
17519.88;212.37;336.49;PP/306.31,TA/17.32,IS/0.02,PS/4.87,RB/0.03,OB/0.95,RP/0
17579.83;212.18;336.9;PP/306.66,TA/17.34,IS/0.02,PS/4.88,RB/0.03,OB/0.95,RP/0
17639.9;214.05;337.56;PP/307.26,TA/17.35,IS/0.02,PS/4.89,RB/0.03,OB/0.96,RP/0
17699.99;218.77;341.05;PP/310.7,TA/17.37,IS/0.02,PS/4.89,RB/0.03,OB/0.96,RP/0
17759.78;221.4;343.04;PP/312.63,TA/17.38,IS/0.02,PS/4.89,RB/0.03,OB/0.96,RP/0
17819.96;219.65;343.61;PP/313.14,TA/17.39,IS/0.02,PS/4.89,RB/0.03,OB/0.97,RP/0
17879.82;219.72;344.23;PP/313.72,TA/17.39,IS/0.02,PS/4.89,RB/0.03,OB/0.97,RP/0
17939.85;236.24;344.76;PP/314.2,TA/17.41,IS/0.02,PS/4.89,RB/0.03,OB/0.97,RP/0
17999.97;227.39;345.45;PP/314.83,TA/17.41,IS/0.02,PS/4.89,RB/0.03,OB/0.97,RP/0
18059.89;247.4;354.06;PP/323.39,TA/17.43,IS/0.02,PS/4.89,RB/0.03,OB/0.98,RP/0
18119.61;247.4;354.62;PP/323.9,TA/17.44,IS/0.02,PS/4.9,RB/0.03,OB/0.98,RP/0
18179.91;247.41;355.29;PP/324.51,TA/17.45,IS/0.02,PS/4.9,RB/0.03,OB/0.98,RP/0
18239.65;247.41;355.82;PP/324.99,TA/17.46,IS/0.02,PS/4.9,RB/0.03,OB/0.99,RP/0
18299.96;256.1;357.51;PP/326.63,TA/17.47,IS/0.02,PS/4.9,RB/0.03,OB/0.99,RP/0
18359.98;255.25;358.01;PP/327.08,TA/17.48,IS/0.02,PS/4.9,RB/0.03,OB/0.99,RP/0
18419.96;253.78;358.31;PP/327.33,TA/17.49,IS/0.02,PS/4.9,RB/0.03,OB/1,RP/0
18479.95;253.69;361.24;PP/330.2,TA/17.5,IS/0.02,PS/4.91,RB/0.03,OB/1,RP/0
18539.99;252.83;362.06;PP/330.97,TA/17.52,IS/0.02,PS/4.91,RB/0.03,OB/1,RP/0
18599.85;252.83;362.25;PP/331.11,TA/17.53,IS/0.02,PS/4.91,RB/0.03,OB/1.01,RP/0
18659.87;253.93;363.68;PP/332.48,TA/17.54,IS/0.02,PS/4.91,RB/0.03,OB/1.01,RP/0
18719.96;256.26;364.08;PP/332.82,TA/17.56,IS/0.02,PS/4.92,RB/0.03,OB/1.01,RP/0
18779.66;253.62;364.43;PP/333.12,TA/17.57,IS/0.02,PS/4.92,RB/0.03,OB/1.02,RP/0
18839.98;253.62;364.91;PP/333.54,TA/17.58,IS/0.02,PS/4.93,RB/0.03,OB/1.02,RP/0
18900;206.09;366.57;PP/335.16,TA/17.59,IS/0.02,PS/4.93,RB/0.03,OB/1.02,RP/0
18959.94;201.44;367;PP/335.53,TA/17.61,IS/0.02,PS/4.93,RB/0.03,OB/1.03,RP/0
19019.88;201.42;367.39;PP/335.85,TA/17.63,IS/0.02,PS/4.94,RB/0.03,OB/1.03,RP/0
19079.82;199.2;368.48;PP/336.89,TA/17.65,IS/0.02,PS/4.95,RB/0.03,OB/1.03,RP/0
19139.99;195.89;368.92;PP/337.28,TA/17.66,IS/0.02,PS/4.95,RB/0.03,OB/1.04,RP/0
19199.85;194.01;369.45;PP/337.75,TA/17.67,IS/0.02,PS/4.95,RB/0.03,OB/1.04,RP/0
19259.94;193.42;370.39;PP/338.64,TA/17.68,IS/0.02,PS/4.95,RB/0.03,OB/1.04,RP/0
19319.88;181.29;374.36;PP/342.57,TA/17.69,IS/0.02,PS/4.95,RB/0.03,OB/1.05,RP/0
19379.97;182.2;374.85;PP/343.01,TA/17.7,IS/0.02,PS/4.95,RB/0.03,OB/1.05,RP/0
19439.84;183.82;375.69;PP/343.81,TA/17.7,IS/0.02,PS/4.95,RB/0.03,OB/1.05,RP/0
19499.93;184.25;376.12;PP/344.2,TA/17.71,IS/0.02,PS/4.95,RB/0.03,OB/1.05,RP/0
19559.95;182.33;376.76;PP/344.78,TA/17.72,IS/0.02,PS/4.95,RB/0.03,OB/1.06,RP/0
19619.97;188.95;377.7;PP/345.67,TA/17.73,IS/0.02,PS/4.95,RB/0.03,OB/1.06,RP/0
19679.95;187.76;380.07;PP/348,TA/17.74,IS/0.02,PS/4.95,RB/0.03,OB/1.06,RP/0
19739.98;187.64;380.41;PP/348.29,TA/17.75,IS/0.02,PS/4.96,RB/0.03,OB/1.06,RP/0
19799.88;192.56;382.54;PP/350.36,TA/17.76,IS/0.02,PS/4.96,RB/0.03,OB/1.07,RP/0
19859.88;190.13;383.05;PP/350.83,TA/17.76,IS/0.02,PS/4.96,RB/0.03,OB/1.07,RP/0
19919.89;190.13;383.54;PP/351.28,TA/17.77,IS/0.02,PS/4.96,RB/0.03,OB/1.07,RP/0
19979.97;190.13;383.84;PP/351.53,TA/17.78,IS/0.02,PS/4.96,RB/0.03,OB/1.07,RP/0
20039.95;190.13;384.05;PP/351.71,TA/17.79,IS/0.02,PS/4.96,RB/0.03,OB/1.07,RP/0
20099.97;191.24;384.52;PP/352.12,TA/17.8,IS/0.02,PS/4.96,RB/0.03,OB/1.08,RP/0
20159.92;231.51;392.87;PP/360.41,TA/17.81,IS/0.02,PS/4.96,RB/0.03,OB/1.08,RP/0
20219.86;222.75;393.92;PP/361.41,TA/17.82,IS/0.02,PS/4.96,RB/0.03,OB/1.09,RP/0
20279.95;222.51;394.42;PP/361.86,TA/17.82,IS/0.02,PS/4.96,RB/0.03,OB/1.09,RP/0
20339.84;221.04;394.97;PP/362.37,TA/17.83,IS/0.02,PS/4.96,RB/0.03,OB/1.09,RP/0
20399.97;213.6;398.8;PP/366.14,TA/17.84,IS/0.02,PS/4.97,RB/0.03,OB/1.1,RP/0
20459.97;231.81;406.65;PP/373.93,TA/17.86,IS/0.02,PS/4.97,RB/0.03,OB/1.1,RP/0
20519.89;231.81;407.09;PP/374.33,TA/17.87,IS/0.02,PS/4.98,RB/0.03,OB/1.1,RP/0
20579.71;231.81;407.44;PP/374.62,TA/17.88,IS/0.02,PS/4.98,RB/0.03,OB/1.1,RP/0
20639.99;231.81;408.38;PP/375.52,TA/17.89,IS/0.02,PS/4.98,RB/0.03,OB/1.11,RP/0
20699.87;231.81;408.76;PP/375.85,TA/17.9,IS/0.02,PS/4.98,RB/0.03,OB/1.11,RP/0
20759.76;229.06;409.68;PP/376.72,TA/17.9,IS/0.02,PS/4.98,RB/0.03,OB/1.11,RP/0
20819.98;229.04;409.92;PP/376.91,TA/17.91,IS/0.02,PS/4.98,RB/0.03,OB/1.11,RP/0
20879.91;228.16;410.26;PP/377.2,TA/17.93,IS/0.02,PS/4.98,RB/0.03,OB/1.12,RP/0
20939.7;227.44;410.97;PP/377.86,TA/17.94,IS/0.02,PS/4.98,RB/0.03,OB/1.12,RP/0
20999.91;227.38;411.4;PP/378.21,TA/17.96,IS/0.02,PS/5,RB/0.03,OB/1.12,RP/0
21059.67;227.83;411.7;PP/378.45,TA/17.97,IS/0.02,PS/5.01,RB/0.03,OB/1.12,RP/0
21119.95;227.08;412.09;PP/378.79,TA/17.98,IS/0.02,PS/5.01,RB/0.03,OB/1.13,RP/0
21179.67;227.33;412.99;PP/379.63,TA/18.01,IS/0.02,PS/5.02,RB/0.03,OB/1.13,RP/0
21239.77;227.2;413.38;PP/379.97,TA/18.01,IS/0.02,PS/5.02,RB/0.03,OB/1.13,RP/0
21299.85;318.77;414.14;PP/380.68,TA/18.02,IS/0.02,PS/5.02,RB/0.03,OB/1.13,RP/0
21359.98;295.76;417.27;PP/383.74,TA/18.05,IS/0.02,PS/5.04,RB/0.03,OB/1.14,RP/0
21419.9;281.6;418.03;PP/384.43,TA/18.07,IS/0.02,PS/5.05,RB/0.03,OB/1.14,RP/0
21479.6;184.66;425.21;PP/391.55,TA/18.07,IS/0.02,PS/5.05,RB/0.03,OB/1.14,RP/0
21539.78;183.86;425.67;PP/391.96,TA/18.08,IS/0.02,PS/5.05,RB/0.03,OB/1.15,RP/0
21599.67;199.74;432;PP/398.24,TA/18.09,IS/0.02,PS/5.05,RB/0.03,OB/1.15,RP/0
21659.62;197.55;433.54;PP/399.73,TA/18.09,IS/0.02,PS/5.06,RB/0.03,OB/1.15,RP/0
21719.93;197.29;433.98;PP/400.11,TA/18.11,IS/0.02,PS/5.06,RB/0.03,OB/1.15,RP/0
21779.78;198.45;434.86;PP/400.94,TA/18.12,IS/0.02,PS/5.06,RB/0.03,OB/1.16,RP/0
21839.92;198.13;435.16;PP/401.2,TA/18.13,IS/0.02,PS/5.06,RB/0.03,OB/1.16,RP/0
21899.71;198.61;435.97;PP/401.96,TA/18.14,IS/0.02,PS/5.06,RB/0.03,OB/1.16,RP/0
21959.72;198.61;436.24;PP/402.19,TA/18.15,IS/0.02,PS/5.07,RB/0.03,OB/1.16,RP/0
22019.74;198.61;436.49;PP/402.38,TA/18.17,IS/0.02,PS/5.07,RB/0.03,OB/1.17,RP/0
22079.93;198.89;437.11;PP/402.95,TA/18.19,IS/0.02,PS/5.08,RB/0.03,OB/1.17,RP/0
22139.85;199.89;437.54;PP/403.33,TA/18.2,IS/0.02,PS/5.09,RB/0.03,OB/1.17,RP/0
22199.77;198.89;437.89;PP/403.63,TA/18.21,IS/0.02,PS/5.09,RB/0.03,OB/1.18,RP/0
22259.9;200.42;439.01;PP/404.7,TA/18.22,IS/0.02,PS/5.09,RB/0.03,OB/1.18,RP/0
22319.73;203.13;439.64;PP/405.28,TA/18.23,IS/0.02,PS/5.09,RB/0.03,OB/1.18,RP/0
22379.96;208.87;442.32;PP/407.91,TA/18.24,IS/0.02,PS/5.09,RB/0.03,OB/1.18,RP/0
22440;208.87;443.07;PP/408.62,TA/18.24,IS/0.02,PS/5.09,RB/0.03,OB/1.18,RP/0
22499.79;207.89;443.36;PP/408.87,TA/18.25,IS/0.02,PS/5.09,RB/0.03,OB/1.19,RP/0
22559.92;255.76;461.36;PP/426.8,TA/18.26,IS/0.02,PS/5.09,RB/0.03,OB/1.19,RP/0
22619.96;257.2;462.14;PP/427.55,TA/18.27,IS/0.02,PS/5.09,RB/0.03,OB/1.19,RP/0
22679.9;259.57;463.83;PP/429.19,TA/18.27,IS/0.02,PS/5.09,RB/0.03,OB/1.19,RP/0
22739.99;259.5;464.14;PP/429.46,TA/18.28,IS/0.02,PS/5.09,RB/0.03,OB/1.2,RP/0
22800;201.55;473.62;PP/438.9,TA/18.29,IS/0.02,PS/5.09,RB/0.03,OB/1.2,RP/0
22859.68;201.09;474.12;PP/439.35,TA/18.29,IS/0.02,PS/5.09,RB/0.03,OB/1.2,RP/0
22919.99;201.09;474.45;PP/439.64,TA/18.3,IS/0.02,PS/5.1,RB/0.03,OB/1.2,RP/0
22979.63;201.09;474.81;PP/439.95,TA/18.31,IS/0.02,PS/5.1,RB/0.03,OB/1.21,RP/0
23039.98;202.3;475.86;PP/440.94,TA/18.32,IS/0.02,PS/5.1,RB/0.03,OB/1.21,RP/0
23099.97;205.09;477.66;PP/442.69,TA/18.33,IS/0.02,PS/5.1,RB/0.03,OB/1.21,RP/0
23159.83;212.63;479.86;PP/444.83,TA/18.33,IS/0.02,PS/5.1,RB/0.03,OB/1.22,RP/0
23219.92;220.11;484.71;PP/449.64,TA/18.34,IS/0.02,PS/5.1,RB/0.03,OB/1.22,RP/0
23279.99;220.14;485.05;PP/449.94,TA/18.35,IS/0.02,PS/5.1,RB/0.03,OB/1.22,RP/0
23339.81;220.21;485.64;PP/450.48,TA/18.36,IS/0.02,PS/5.1,RB/0.03,OB/1.22,RP/0
23399.96;218.56;487;PP/451.79,TA/18.37,IS/0.02,PS/5.1,RB/0.03,OB/1.22,RP/0
23459.92;222.02;487.19;PP/451.94,TA/18.38,IS/0.02,PS/5.1,RB/0.03,OB/1.23,RP/0
23519.94;231.44;489.04;PP/453.74,TA/18.39,IS/0.02,PS/5.1,RB/0.03,OB/1.23,RP/0
23579.98;231.31;489.65;PP/454.32,TA/18.4,IS/0.02,PS/5.1,RB/0.03,OB/1.23,RP/0
23639.79;227.14;490.08;PP/454.69,TA/18.41,IS/0.02,PS/5.1,RB/0.03,OB/1.24,RP/0
23699.9;227.2;491.04;PP/455.6,TA/18.43,IS/0.02,PS/5.11,RB/0.03,OB/1.24,RP/0
23759.96;227.44;491.59;PP/456.11,TA/18.43,IS/0.02,PS/5.11,RB/0.03,OB/1.24,RP/0
23819.98;227.56;492.45;PP/456.93,TA/18.44,IS/0.02,PS/5.11,RB/0.03,OB/1.24,RP/0
23879.58;228.1;493.11;PP/457.55,TA/18.44,IS/0.02,PS/5.11,RB/0.03,OB/1.24,RP/0
23939.77;230.64;494.54;PP/458.94,TA/18.45,IS/0.02,PS/5.11,RB/0.03,OB/1.25,RP/0
23999.87;230.64;494.74;PP/459.09,TA/18.46,IS/0.02,PS/5.11,RB/0.03,OB/1.25,RP/0
24059.77;191.06;505.24;PP/469.55,TA/18.47,IS/0.02,PS/5.11,RB/0.03,OB/1.25,RP/0
24119.95;202.12;507.53;PP/471.79,TA/18.47,IS/0.02,PS/5.11,RB/0.03,OB/1.25,RP/0
24179.99;202.12;508.02;PP/472.24,TA/18.48,IS/0.02,PS/5.11,RB/0.03,OB/1.26,RP/0
24239.89;199.68;508.72;PP/472.89,TA/18.49,IS/0.02,PS/5.11,RB/0.03,OB/1.26,RP/0
24299.94;199.31;509.17;PP/473.28,TA/18.5,IS/0.02,PS/5.11,RB/0.03,OB/1.26,RP/0
24359.95;197.16;509.8;PP/473.87,TA/18.52,IS/0.02,PS/5.12,RB/0.03,OB/1.26,RP/0
24419.97;200.45;510.26;PP/474.28,TA/18.53,IS/0.02,PS/5.12,RB/0.03,OB/1.27,RP/0
24479.89;199.74;510.86;PP/474.83,TA/18.54,IS/0.02,PS/5.12,RB/0.03,OB/1.27,RP/0
24539.99;199.7;511.14;PP/475.06,TA/18.55,IS/0.02,PS/5.12,RB/0.03,OB/1.27,RP/0
24599.98;199.68;511.39;PP/475.27,TA/18.55,IS/0.02,PS/5.12,RB/0.03,OB/1.27,RP/0
24659.84;199.66;511.68;PP/475.51,TA/18.57,IS/0.02,PS/5.12,RB/0.03,OB/1.28,RP/0
24719.99;198.66;512.07;PP/475.86,TA/18.57,IS/0.02,PS/5.12,RB/0.03,OB/1.28,RP/0
24779.76;199.16;513.04;PP/476.78,TA/18.58,IS/0.02,PS/5.12,RB/0.03,OB/1.28,RP/0
24839.85;200.29;514.44;PP/478.13,TA/18.59,IS/0.02,PS/5.13,RB/0.03,OB/1.28,RP/0
24899.82;200.3;515.05;PP/478.69,TA/18.6,IS/0.02,PS/5.13,RB/0.03,OB/1.29,RP/0
24959.93;200.33;515.71;PP/479.3,TA/18.62,IS/0.02,PS/5.13,RB/0.03,OB/1.29,RP/0
25019.96;200.89;516.43;PP/479.98,TA/18.63,IS/0.02,PS/5.14,RB/0.03,OB/1.29,RP/0
25080;200.89;516.7;PP/480.21,TA/18.63,IS/0.02,PS/5.14,RB/0.03,OB/1.29,RP/0
25139.98;203.63;517.19;PP/480.65,TA/18.65,IS/0.02,PS/5.14,RB/0.03,OB/1.3,RP/0
25199.88;201.16;517.61;PP/481,TA/18.67,IS/0.02,PS/5.14,RB/0.03,OB/1.3,RP/0
25260;202.28;518.04;PP/481.38,TA/18.69,IS/0.02,PS/5.14,RB/0.03,OB/1.3,RP/0
25320;202.05;518.31;PP/481.6,TA/18.71,IS/0.02,PS/5.15,RB/0.03,OB/1.31,RP/0
25379.97;203.58;519.11;PP/482.34,TA/18.72,IS/0.02,PS/5.15,RB/0.03,OB/1.31,RP/0
25439.92;204.82;520.57;PP/483.76,TA/18.73,IS/0.02,PS/5.15,RB/0.03,OB/1.31,RP/0
25499.98;205.43;521.2;PP/484.34,TA/18.74,IS/0.02,PS/5.15,RB/0.03,OB/1.31,RP/0
25559.78;204.25;521.43;PP/484.54,TA/18.75,IS/0.02,PS/5.15,RB/0.03,OB/1.32,RP/0
25619.89;203.51;521.8;PP/484.87,TA/18.75,IS/0.02,PS/5.15,RB/0.03,OB/1.32,RP/0
25679.96;204.73;523.05;PP/486.05,TA/18.78,IS/0.02,PS/5.15,RB/0.03,OB/1.32,RP/0
25739.9;204.53;523.52;PP/486.49,TA/18.79,IS/0.02,PS/5.16,RB/0.03,OB/1.32,RP/0
25799.97;210.88;523.87;PP/486.78,TA/18.8,IS/0.02,PS/5.16,RB/0.03,OB/1.33,RP/0
25859.6;208.39;524.96;PP/487.83,TA/18.81,IS/0.02,PS/5.16,RB/0.03,OB/1.33,RP/0
25919.99;207.07;525.58;PP/488.41,TA/18.82,IS/0.02,PS/5.16,RB/0.03,OB/1.33,RP/0
25979.95;210.29;527.15;PP/489.94,TA/18.82,IS/0.02,PS/5.16,RB/0.03,OB/1.33,RP/0
26039.78;210.27;527.45;PP/490.2,TA/18.83,IS/0.02,PS/5.16,RB/0.03,OB/1.33,RP/0
26099.92;208.09;527.82;PP/490.53,TA/18.84,IS/0.02,PS/5.16,RB/0.03,OB/1.34,RP/0
26159.67;208.07;528.06;PP/490.73,TA/18.84,IS/0.02,PS/5.16,RB/0.03,OB/1.34,RP/0
26219.96;208.07;528.35;PP/490.98,TA/18.86,IS/0.02,PS/5.16,RB/0.03,OB/1.34,RP/0
26279.75;209.19;528.71;PP/491.3,TA/18.87,IS/0.02,PS/5.16,RB/0.03,OB/1.34,RP/0
26339.85;209.19;529.16;PP/491.71,TA/18.87,IS/0.02,PS/5.16,RB/0.03,OB/1.35,RP/0
26399.97;208.98;529.69;PP/492.19,TA/18.88,IS/0.02,PS/5.16,RB/0.03,OB/1.35,RP/0
26459.92;214.55;530.12;PP/492.58,TA/18.89,IS/0.02,PS/5.16,RB/0.03,OB/1.35,RP/0
26519.75;214.53;530.5;PP/492.92,TA/18.9,IS/0.02,PS/5.16,RB/0.03,OB/1.35,RP/0
26579.9;213.75;531.11;PP/493.48,TA/18.91,IS/0.02,PS/5.16,RB/0.03,OB/1.36,RP/0
26639.9;213.79;531.59;PP/493.92,TA/18.92,IS/0.02,PS/5.16,RB/0.03,OB/1.36,RP/0
26699.97;215.42;533.36;PP/495.64,TA/18.92,IS/0.02,PS/5.17,RB/0.03,OB/1.36,RP/0
26759.82;217.6;534.55;PP/496.79,TA/18.93,IS/0.02,PS/5.17,RB/0.03,OB/1.36,RP/0
26819.88;217.77;535.19;PP/497.38,TA/18.94,IS/0.02,PS/5.17,RB/0.03,OB/1.37,RP/0
26879.98;230.18;535.65;PP/497.8,TA/18.95,IS/0.02,PS/5.17,RB/0.03,OB/1.37,RP/0
26939.76;225.63;536.59;PP/498.68,TA/18.96,IS/0.02,PS/5.17,RB/0.03,OB/1.37,RP/0
26999.98;237.11;541.32;PP/503.34,TA/18.98,IS/0.02,PS/5.18,RB/0.03,OB/1.37,RP/0
27059.93;248.3;547.45;PP/509.42,TA/19,IS/0.02,PS/5.19,RB/0.03,OB/1.38,RP/0
27119.68;253.28;548;PP/509.91,TA/19.02,IS/0.02,PS/5.2,RB/0.03,OB/1.38,RP/0
27179.9;248.48;549.74;PP/511.61,TA/19.02,IS/0.02,PS/5.2,RB/0.03,OB/1.38,RP/0
27240;253.02;550.34;PP/512.17,TA/19.03,IS/0.02,PS/5.21,RB/0.03,OB/1.38,RP/0
27299.66;252.95;550.65;PP/512.43,TA/19.04,IS/0.02,PS/5.21,RB/0.03,OB/1.39,RP/0
27359.9;228.08;555.45;PP/517.18,TA/19.05,IS/0.02,PS/5.21,RB/0.03,OB/1.39,RP/0
27419.91;193.1;556.28;PP/517.96,TA/19.07,IS/0.02,PS/5.21,RB/0.03,OB/1.39,RP/0
27479.8;193.05;557.11;PP/518.75,TA/19.08,IS/0.02,PS/5.21,RB/0.03,OB/1.39,RP/0
27539.98;193.05;557.42;PP/519.02,TA/19.09,IS/0.02,PS/5.21,RB/0.03,OB/1.39,RP/0
27599.81;189.33;558.04;PP/519.59,TA/19.1,IS/0.02,PS/5.21,RB/0.03,OB/1.4,RP/0
27659.98;187.43;560.73;PP/522.23,TA/19.1,IS/0.02,PS/5.21,RB/0.03,OB/1.4,RP/0
27719.59;187.86;561.18;PP/522.64,TA/19.11,IS/0.02,PS/5.21,RB/0.03,OB/1.4,RP/0
27779.59;189.11;561.6;PP/523.02,TA/19.12,IS/0.02,PS/5.21,RB/0.03,OB/1.4,RP/0
27839.99;189.11;561.86;PP/523.25,TA/19.13,IS/0.02,PS/5.21,RB/0.03,OB/1.41,RP/0
27899.98;189.63;562.72;PP/524.06,TA/19.13,IS/0.02,PS/5.22,RB/0.03,OB/1.41,RP/0
27959.95;189.95;563.74;PP/525.04,TA/19.14,IS/0.02,PS/5.22,RB/0.03,OB/1.41,RP/0
28020;192.41;564.45;PP/525.69,TA/19.16,IS/0.02,PS/5.22,RB/0.03,OB/1.41,RP/0
28079.96;190.59;565.41;PP/526.61,TA/19.16,IS/0.02,PS/5.22,RB/0.03,OB/1.41,RP/0
28139.92;192.39;565.78;PP/526.94,TA/19.17,IS/0.02,PS/5.22,RB/0.03,OB/1.42,RP/0
28199.75;192.08;566.01;PP/527.09,TA/19.19,IS/0.02,PS/5.23,RB/0.03,OB/1.42,RP/0
28259.97;192.19;566.54;PP/527.56,TA/19.21,IS/0.02,PS/5.24,RB/0.03,OB/1.42,RP/0
28319.95;253.71;590.9;PP/551.87,TA/19.22,IS/0.02,PS/5.24,RB/0.03,OB/1.43,RP/0
28379.88;253.63;592.63;PP/553.57,TA/19.22,IS/0.02,PS/5.24,RB/0.03,OB/1.43,RP/0
28439.98;253.63;592.91;PP/553.8,TA/19.23,IS/0.02,PS/5.24,RB/0.03,OB/1.43,RP/0
28499.64;194.03;593.84;PP/554.68,TA/19.24,IS/0.02,PS/5.24,RB/0.03,OB/1.43,RP/0
28559.89;189.11;595.96;PP/556.76,TA/19.25,IS/0.02,PS/5.24,RB/0.03,OB/1.43,RP/0
28619.98;195.75;597.35;PP/558.11,TA/19.25,IS/0.02,PS/5.24,RB/0.03,OB/1.44,RP/0
28679.94;195.02;597.82;PP/558.52,TA/19.26,IS/0.02,PS/5.24,RB/0.03,OB/1.44,RP/0
28739.97;192.35;598.9;PP/559.55,TA/19.27,IS/0.02,PS/5.24,RB/0.03,OB/1.44,RP/0
28799.96;190.48;600.42;PP/561.02,TA/19.28,IS/0.02,PS/5.24,RB/0.03,OB/1.44,RP/0
