#FromID;FromX;FromY;FromIsStorage;FromIsIStation;FromIsOStation;FromIsElevator;ToID;ToX;ToY;ToIsStorage;ToIsIStation;ToIsOStation;ToIsElevator;Count;TravelTimeAvg;TravelTimeVar;TravelTimeMin;TravelTimeMax
15;59.50;3.50;False;False;True;False;352;44.50;1.50;True;False;False;False;1;29.238611724089765;0;29.238611724089765;29.238611724089765
15;59.50;3.50;False;False;True;False;357;49.50;1.50;True;False;False;False;1;42.166579893588505;0;42.166579893588505;42.166579893588505
15;59.50;3.50;False;False;True;False;388;36.50;2.50;True;False;False;False;1;27.421975693640434;0;27.421975693640434;27.421975693640434
15;59.50;3.50;False;False;True;False;389;37.50;2.50;True;False;False;False;1;28318.095697634104;0;28318.095697634104;28318.095697634104
15;59.50;3.50;False;False;True;False;397;45.50;2.50;True;False;False;False;1;21.554804561715486;0;21.554804561715486;21.554804561715486
15;59.50;3.50;False;False;True;False;485;45.50;4.50;True;False;False;False;1;21.59219851493205;0;21.59219851493205;21.59219851493205
15;59.50;3.50;False;False;True;False;488;48.50;4.50;True;False;False;False;1;20.00389674434777;0;20.00389674434777;20.00389674434777
15;59.50;3.50;False;False;True;False;519;35.50;5.50;True;False;False;False;1;35.63659427943168;0;35.63659427943168;35.63659427943168
15;59.50;3.50;False;False;True;False;535;51.50;5.50;True;False;False;False;1;24.54996900464681;0;24.54996900464681;24.54996900464681
15;59.50;3.50;False;False;True;False;605;33.50;7.50;True;False;False;False;1;28256.092862376558;0;28256.092862376558;28256.092862376558
15;59.50;3.50;False;False;True;False;1014;46.50;16.50;True;False;False;False;1;42.51694102257062;0;42.51694102257062;42.51694102257062
15;59.50;3.50;False;False;True;False;1151;51.50;19.50;True;False;False;False;1;34.68003009676079;0;34.68003009676079;34.68003009676079
35;59.50;9.50;False;False;True;False;359;51.50;1.50;True;False;False;False;2;13771.322561407496;377605643.9291414;30.76864373115393;27511.87647908384
35;59.50;9.50;False;False;True;False;485;45.50;4.50;True;False;False;False;1;39.506795303736055;0;39.506795303736055;39.506795303736055
35;59.50;9.50;False;False;True;False;486;46.50;4.50;True;False;False;False;1;27802.04050960696;0;27802.04050960696;27802.04050960696
35;59.50;9.50;False;False;True;False;529;45.50;5.50;True;False;False;False;1;38.133197567413276;0;38.133197567413276;38.133197567413276
35;59.50;9.50;False;False;True;False;531;47.50;5.50;True;False;False;False;1;40.13421774681217;0;40.13421774681217;40.13421774681217
35;59.50;9.50;False;False;True;False;614;42.50;7.50;True;False;False;False;1;33.177854880235316;0;33.177854880235316;33.177854880235316
35;59.50;9.50;False;False;True;False;617;45.50;7.50;True;False;False;False;1;36.97383469027045;0;36.97383469027045;36.97383469027045
35;59.50;9.50;False;False;True;False;642;26.50;8.50;True;False;False;False;1;35.177777777779056;0;35.177777777779056;35.177777777779056
35;59.50;9.50;False;False;True;False;646;30.50;8.50;True;False;False;False;1;38.5977777777789;0;38.5977777777789;38.5977777777789
35;59.50;9.50;False;False;True;False;647;31.50;8.50;True;False;False;False;1;30.688888888890233;0;30.688888888890233;30.688888888890233
35;59.50;9.50;False;False;True;False;649;33.50;8.50;True;False;False;False;1;29.799654931109444;0;29.799654931109444;29.799654931109444
35;59.50;9.50;False;False;True;False;658;42.50;8.50;True;False;False;False;1;23.385367972729824;0;23.385367972729824;23.385367972729824
35;59.50;9.50;False;False;True;False;662;46.50;8.50;True;False;False;False;1;20.303758785831036;0;20.303758785831036;20.303758785831036
35;59.50;9.50;False;False;True;False;664;48.50;8.50;True;False;False;False;1;20.229720502391288;0;20.229720502391288;20.229720502391288
35;59.50;9.50;False;False;True;False;728;24.50;10.50;True;False;False;False;1;27448.78759019495;0;27448.78759019495;27448.78759019495
35;59.50;9.50;False;False;True;False;744;40.50;10.50;True;False;False;False;1;24.671486276762607;0;24.671486276762607;24.671486276762607
35;59.50;9.50;False;False;True;False;750;46.50;10.50;True;False;False;False;1;26.264444444445076;0;26.264444444445076;26.264444444445076
35;59.50;9.50;False;False;True;False;781;33.50;11.50;True;False;False;False;3;36.1266766989202;0.02017963979333655;36.02447454120522;36.28888888888787
35;59.50;9.50;False;False;True;False;799;51.50;11.50;True;False;False;False;1;25.442440800401187;0;25.442440800401187;25.442440800401187
35;59.50;9.50;False;False;True;False;869;33.50;13.50;True;False;False;False;1;38.56649413222294;0;38.56649413222294;38.56649413222294
35;59.50;9.50;False;False;True;False;871;35.50;13.50;True;False;False;False;1;38.567965360603466;0;38.567965360603466;38.567965360603466
35;59.50;9.50;False;False;True;False;919;39.50;14.50;True;False;False;False;1;43.88375878583156;0;43.88375878583156;43.88375878583156
35;59.50;9.50;False;False;True;False;931;51.50;14.50;True;False;False;False;1;33.32064313208434;0;33.32064313208434;33.32064313208434
35;59.50;9.50;False;False;True;False;1010;42.50;16.50;True;False;False;False;1;41.26258460893257;0;41.26258460893257;41.26258460893257
35;59.50;9.50;False;False;True;False;1014;46.50;16.50;True;False;False;False;1;39.04444444444607;0;39.04444444444607;39.04444444444607
55;59.50;15.50;False;False;True;False;484;44.50;4.50;True;False;False;False;1;37.89401899194968;0;37.89401899194968;37.89401899194968
55;59.50;15.50;False;False;True;False;614;42.50;7.50;True;False;False;False;1;35.30129869393818;0;35.30129869393818;35.30129869393818
55;59.50;15.50;False;False;True;False;662;46.50;8.50;True;False;False;False;1;38.99018758282659;0;38.99018758282659;38.99018758282659
55;59.50;15.50;False;False;True;False;746;42.50;10.50;True;False;False;False;1;33.1451867793748;0;33.1451867793748;33.1451867793748
55;59.50;15.50;False;False;True;False;753;49.50;10.50;True;False;False;False;1;39.79703701514677;0;39.79703701514677;39.79703701514677
55;59.50;15.50;False;False;True;False;755;51.50;10.50;True;False;False;False;1;27140.548178490128;0;27140.548178490128;27140.548178490128
55;59.50;15.50;False;False;True;False;790;42.50;11.50;True;False;False;False;2;32.5920925684609;0.059107041781285195;32.42018119335546;32.76400394356634
55;59.50;15.50;False;False;True;False;792;44.50;11.50;True;False;False;False;1;32.35555555555584;0;32.35555555555584;32.35555555555584
55;59.50;15.50;False;False;True;False;794;46.50;11.50;True;False;False;False;1;39.53593072120714;0;39.53593072120714;39.53593072120714
55;59.50;15.50;False;False;True;False;796;48.50;11.50;True;False;False;False;1;67.61093857666788;0;67.61093857666788;67.61093857666788
55;59.50;15.50;False;False;True;False;797;49.50;11.50;True;False;False;False;2;13524.261024843889;364213560.9544388;29.566494132221806;27018.955555555556
55;59.50;15.50;False;False;True;False;798;50.50;11.50;True;False;False;False;2;36.47675726334489;80.52985108871692;30.131292304466115;42.82222222222367
55;59.50;15.50;False;False;True;False;882;46.50;13.50;True;False;False;False;1;39.54686929787397;0;39.54686929787397;39.54686929787397
55;59.50;15.50;False;False;True;False;884;48.50;13.50;True;False;False;False;1;41.422222222223354;0;41.422222222223354;41.422222222223354
55;59.50;15.50;False;False;True;False;886;50.50;13.50;True;False;False;False;1;43.244444444445435;0;43.244444444445435;43.244444444445435
55;59.50;15.50;False;False;True;False;887;51.50;13.50;True;False;False;False;2;22.16323822763343;16.036557281876057;19.331581708749468;24.99489474651739
55;59.50;15.50;False;False;True;False;904;24.50;14.50;True;False;False;False;1;35.64444444444575;0;35.64444444444575;35.64444444444575
55;59.50;15.50;False;False;True;False;913;33.50;14.50;True;False;False;False;1;35.927632058943345;0;35.927632058943345;35.927632058943345
55;59.50;15.50;False;False;True;False;926;46.50;14.50;True;False;False;False;1;21.568991608939697;0;21.568991608939697;21.568991608939697
55;59.50;15.50;False;False;True;False;930;50.50;14.50;True;False;False;False;1;18.99671695351301;0;18.99671695351301;18.99671695351301
55;59.50;15.50;False;False;True;False;931;51.50;14.50;True;False;False;False;3;18.073783750074103;0.14970435284972608;17.632634895778438;18.35555555555584
55;59.50;15.50;False;False;True;False;1008;40.50;16.50;True;False;False;False;2;33.18257816173917;116.009471889339;25.566494132221806;40.79866219125654
55;59.50;15.50;False;False;True;False;1010;42.50;16.50;True;False;False;False;1;23.89366974331419;0;23.89366974331419;23.89366974331419
55;59.50;15.50;False;False;True;False;1012;44.50;16.50;True;False;False;False;1;22.39999999999975;0;22.39999999999975;22.39999999999975
55;59.50;15.50;False;False;True;False;1013;45.50;16.50;True;False;False;False;1;21.710864582529325;0;21.710864582529325;21.710864582529325
55;59.50;15.50;False;False;True;False;1019;51.50;16.50;True;False;False;False;1;17.831119770020905;0;17.831119770020905;17.831119770020905
55;59.50;15.50;False;False;True;False;1047;35.50;17.50;True;False;False;False;1;36.155555555556475;0;36.155555555556475;36.155555555556475
55;59.50;15.50;False;False;True;False;1193;49.50;20.50;True;False;False;False;1;36.00000000000159;0;36.00000000000159;36.00000000000159
55;59.50;15.50;False;False;True;False;1327;51.50;23.50;True;False;False;False;1;30.92799729677313;0;30.92799729677313;30.92799729677313
55;59.50;15.50;False;False;True;False;1547;51.50;28.50;True;False;False;False;1;37.96460419994787;0;37.96460419994787;37.96460419994787
75;59.50;21.50;False;False;True;False;535;51.50;5.50;True;False;False;False;1;36.32117260460154;0;36.32117260460154;36.32117260460154
75;59.50;21.50;False;False;True;False;663;47.50;8.50;True;False;False;False;1;27212.370400712352;0;27212.370400712352;27212.370400712352
75;59.50;21.50;False;False;True;False;799;51.50;11.50;True;False;False;False;2;47.84085887848289;174.35610906408482;38.50393997918627;57.17777777777951
75;59.50;21.50;False;False;True;False;922;42.50;14.50;True;False;False;False;2;40.92596771827533;80.03573514529097;34.60000000000127;47.25193543654939
75;59.50;21.50;False;False;True;False;1019;51.50;16.50;True;False;False;False;1;33.8897733023673;0;33.8897733023673;33.8897733023673
75;59.50;21.50;False;False;True;False;1056;44.50;17.50;True;False;False;False;2;32.40597540473263;0.13602141423205621;32.1451867793748;32.66676403009046
75;59.50;21.50;False;False;True;False;1057;45.50;17.50;True;False;False;False;1;37.86666666666815;0;37.86666666666815;37.86666666666815
75;59.50;21.50;False;False;True;False;1059;47.50;17.50;True;False;False;False;1;40.555555555558385;0;40.555555555558385;40.555555555558385
75;59.50;21.50;False;False;True;False;1142;42.50;19.50;True;False;False;False;2;60.22039209946084;1883.0247678208739;29.53631831662625;90.90446588229543
75;59.50;21.50;False;False;True;False;1144;44.50;19.50;True;False;False;False;1;32.44478951333588;0;32.44478951333588;32.44478951333588
75;59.50;21.50;False;False;True;False;1145;45.50;19.50;True;False;False;False;1;37.82310663570081;0;37.82310663570081;37.82310663570081
75;59.50;21.50;False;False;True;False;1146;46.50;19.50;True;False;False;False;1;39.167965360603716;0;39.167965360603716;39.167965360603716
75;59.50;21.50;False;False;True;False;1147;47.50;19.50;True;False;False;False;1;40.48888888889246;0;40.48888888889246;40.48888888889246
75;59.50;21.50;False;False;True;False;1175;31.50;20.50;True;False;False;False;1;31.24810331912147;0;31.24810331912147;31.24810331912147
75;59.50;21.50;False;False;True;False;1176;32.50;20.50;True;False;False;False;1;30.622222222222717;0;30.622222222222717;30.622222222222717
75;59.50;21.50;False;False;True;False;1188;44.50;20.50;True;False;False;False;2;22.397953675960395;0.22647232956721514;22.06144785909595;22.73445949282484
75;59.50;21.50;False;False;True;False;1191;47.50;20.50;True;False;False;False;1;19.87278563323639;0;19.87278563323639;19.87278563323639
75;59.50;21.50;False;False;True;False;1192;48.50;20.50;True;False;False;False;1;20.3312923044665;0;20.3312923044665;20.3312923044665
75;59.50;21.50;False;False;True;False;1195;51.50;20.50;True;False;False;False;1;17.973104122570987;0;17.973104122570987;17.973104122570987
75;59.50;21.50;False;False;True;False;1268;36.50;22.50;True;False;False;False;1;28.316338577591637;0;28.316338577591637;28.316338577591637
75;59.50;21.50;False;False;True;False;1270;38.50;22.50;True;False;False;False;1;26.746382044941583;0;26.746382044941583;26.746382044941583
75;59.50;21.50;False;False;True;False;1280;48.50;22.50;True;False;False;False;1;20.287295648962967;0;20.287295648962967;20.287295648962967
75;59.50;21.50;False;False;True;False;1309;33.50;23.50;True;False;False;False;1;56.44444444444639;0;56.44444444444639;56.44444444444639
75;59.50;21.50;False;False;True;False;1311;35.50;23.50;True;False;False;False;1;27180.733727656214;0;27180.733727656214;27180.733727656214
75;59.50;21.50;False;False;True;False;1415;51.50;25.50;True;False;False;False;2;27.287402280856938;0.03211420470644263;27.160685658611783;27.414118903102093
75;59.50;21.50;False;False;True;False;1454;46.50;26.50;True;False;False;False;1;38.95815294343049;0;38.95815294343049;38.95815294343049
75;59.50;21.50;False;False;True;False;1540;44.50;28.50;True;False;False;False;1;40.694018991947814;0;40.694018991947814;40.694018991947814
75;59.50;21.50;False;False;True;False;1544;48.50;28.50;True;False;False;False;1;37.222222222222115;0;37.222222222222115;37.222222222222115
75;59.50;21.50;False;False;True;False;1720;48.50;32.50;True;False;False;False;1;41.42130735284718;0;41.42130735284718;41.42130735284718
95;0.50;6.50;False;True;False;False;360;8.50;2.50;True;False;False;False;1;26.90934981590749;0;26.90934981590749;26.90934981590749
95;0.50;6.50;False;True;False;False;494;10.50;5.50;True;False;False;False;1;19.828030695830222;0;19.828030695830222;19.828030695830222
95;0.50;6.50;False;True;False;False;499;15.50;5.50;True;False;False;False;1;22.038989698636158;0;22.038989698636158;22.038989698636158
95;0.50;6.50;False;True;False;False;503;19.50;5.50;True;False;False;False;1;24.75129230446646;0;24.75129230446646;24.75129230446646
95;0.50;6.50;False;True;False;False;507;23.50;5.50;True;False;False;False;1;28.305302637504383;0;28.305302637504383;28.305302637504383
95;0.50;6.50;False;True;False;False;590;18.50;7.50;True;False;False;False;1;24.056479083840884;0;24.056479083840884;24.056479083840884
95;0.50;6.50;False;True;False;False;595;23.50;7.50;True;False;False;False;1;28.184712410876386;0;28.184712410876386;28.184712410876386
115;0.50;12.50;False;True;False;False;318;10.50;1.50;True;False;False;False;1;40.98372538677245;0;40.98372538677245;40.98372538677245
115;0.50;12.50;False;True;False;False;320;12.50;1.50;True;False;False;False;1;42.59999999999309;0;42.59999999999309;42.59999999999309
115;0.50;12.50;False;True;False;False;757;9.50;11.50;True;False;False;False;1;18.9333333333293;0;18.9333333333293;18.9333333333293
115;0.50;12.50;False;True;False;False;763;15.50;11.50;True;False;False;False;1;22.733086804751622;0;22.733086804751622;22.733086804751622
115;0.50;12.50;False;True;False;False;767;19.50;11.50;True;False;False;False;1;25.289704555418155;0;25.289704555418155;25.289704555418155
115;0.50;12.50;False;True;False;False;768;20.50;11.50;True;False;False;False;1;26.361811818106958;0;26.361811818106958;26.361811818106958
115;0.50;12.50;False;True;False;False;771;23.50;11.50;True;False;False;False;2;28.321722872567932;0.0052983124354995656;28.27025291805319;28.373192827082676
115;0.50;12.50;False;True;False;False;777;29.50;11.50;True;False;False;False;1;32.377777777771826;0;32.377777777771826;32.377777777771826
115;0.50;12.50;False;True;False;False;779;31.50;11.50;True;False;False;False;1;33.68888888888159;0;33.68888888888159;33.68888888888159
115;0.50;12.50;False;True;False;False;848;12.50;13.50;True;False;False;False;1;21.056674426984046;0;21.056674426984046;21.056674426984046
115;0.50;12.50;False;True;False;False;856;20.50;13.50;True;False;False;False;1;26.244444444445435;0;26.244444444445435;26.244444444445435
115;0.50;12.50;False;True;False;False;857;21.50;13.50;True;False;False;False;1;26.9777777777731;0;26.9777777777731;26.9777777777731
115;0.50;12.50;False;True;False;False;860;24.50;13.50;True;False;False;False;1;28.844444444445116;0;28.844444444445116;28.844444444445116
115;0.50;12.50;False;True;False;False;862;26.50;13.50;True;False;False;False;1;30.066666666667516;0;30.066666666667516;30.066666666667516
115;0.50;12.50;False;True;False;False;865;29.50;13.50;True;False;False;False;1;32.17777777777951;0;32.17777777777951;32.17777777777951
115;0.50;12.50;False;True;False;False;866;30.50;13.50;True;False;False;False;1;33.03931434138167;0;33.03931434138167;33.03931434138167
115;0.50;12.50;False;True;False;False;890;10.50;14.50;True;False;False;False;1;42.31111111110113;0;42.31111111110113;42.31111111110113
115;0.50;12.50;False;True;False;False;893;13.50;14.50;True;False;False;False;1;39.57777777777824;0;39.57777777777824;39.57777777777824
115;0.50;12.50;False;True;False;False;894;14.50;14.50;True;False;False;False;1;37.244444444445435;0;37.244444444445435;37.244444444445435
115;0.50;12.50;False;True;False;False;982;14.50;16.50;True;False;False;False;1;45.512134550551764;0;45.512134550551764;45.512134550551764
115;0.50;12.50;False;True;False;False;985;17.50;16.50;True;False;False;False;1;32.666169489470576;0;32.666169489470576;32.666169489470576
115;0.50;12.50;False;True;False;False;1114;14.50;19.50;True;False;False;False;1;39.39999999998963;0;39.39999999998963;39.39999999998963
135;0.50;18.50;False;True;False;False;855;19.50;13.50;True;False;False;False;1;43.37573674890791;0;43.37573674890791;43.37573674890791
135;0.50;18.50;False;True;False;False;994;26.50;16.50;True;False;False;False;1;36.20225231898314;0;36.20225231898314;36.20225231898314
135;0.50;18.50;False;True;False;False;1026;14.50;17.50;True;False;False;False;1;22.47999999999996;0;22.47999999999996;22.47999999999996
135;0.50;18.50;False;True;False;False;1030;18.50;17.50;True;False;False;False;1;25.022222222223036;0;25.022222222223036;25.022222222223036
135;0.50;18.50;False;True;False;False;1036;24.50;17.50;True;False;False;False;1;29.022222222223036;0;29.022222222223036;29.022222222223036
135;0.50;18.50;False;True;False;False;1044;32.50;17.50;True;False;False;False;1;34.377777777771826;0;34.377777777771826;34.377777777771826
135;0.50;18.50;False;True;False;False;1113;13.50;19.50;True;False;False;False;1;21.810368776180553;0;21.810368776180553;21.810368776180553
135;0.50;18.50;False;True;False;False;1123;23.50;19.50;True;False;False;False;1;27.382984983293056;0;27.382984983293056;27.382984983293056
135;0.50;18.50;False;True;False;False;1128;28.50;19.50;True;False;False;False;1;31.688888888890233;0;31.688888888890233;31.688888888890233
135;0.50;18.50;False;True;False;False;1130;30.50;19.50;True;False;False;False;1;32.46666666666033;0;32.46666666666033;32.46666666666033
135;0.50;18.50;False;True;False;False;1131;31.50;19.50;True;False;False;False;1;33.733333333325845;0;33.733333333325845;33.733333333325845
135;0.50;18.50;False;True;False;False;1132;32.50;19.50;True;False;False;False;1;34.266666666656874;0;34.266666666656874;34.266666666656874
135;0.50;18.50;False;True;False;False;1155;11.50;20.50;True;False;False;False;1;41.4513790775427;0;41.4513790775427;41.4513790775427
135;0.50;18.50;False;True;False;False;1243;11.50;22.50;True;False;False;False;1;41.64444444444575;0;41.64444444444575;41.64444444444575
135;0.50;18.50;False;True;False;False;1247;15.50;22.50;True;False;False;False;1;32.655383021110765;0;32.655383021110765;32.655383021110765
135;0.50;18.50;False;True;False;False;1379;15.50;25.50;True;False;False;False;1;35.17470912972749;0;35.17470912972749;35.17470912972749
135;0.50;18.50;False;True;False;False;1383;19.50;25.50;True;False;False;False;1;42.51039096852037;0;42.51039096852037;42.51039096852037
135;0.50;18.50;False;True;False;False;1550;10.50;29.50;True;False;False;False;1;40.48592590403598;0;40.48592590403598;40.48592590403598
135;0.50;18.50;False;True;False;False;1551;11.50;29.50;True;False;False;False;1;41.81130096337233;0;41.81130096337233;41.81130096337233
135;0.50;18.50;False;True;False;False;1554;14.50;29.50;True;False;False;False;1;44.15555555555056;0;44.15555555555056;44.15555555555056
135;0.50;18.50;False;True;False;False;1640;12.50;31.50;True;False;False;False;1;42.68888888887386;0;42.68888888887386;42.68888888887386
135;0.50;18.50;False;True;False;False;1645;17.50;31.50;True;False;False;False;1;39.37264767471788;0;39.37264767471788;39.37264767471788
155;0.50;24.50;False;True;False;False;1288;12.50;23.50;True;False;False;False;1;20.55333333333337;0;20.55333333333337;20.55333333333337
155;0.50;24.50;False;True;False;False;1290;14.50;23.50;True;False;False;False;1;21.375555555555536;0;21.375555555555536;21.375555555555536
155;0.50;24.50;False;True;False;False;1295;19.50;23.50;True;False;False;False;1;24.955555555555634;0;24.955555555555634;24.955555555555634
155;0.50;24.50;False;True;False;False;1382;18.50;25.50;True;False;False;False;1;23.86353268338985;0;23.86353268338985;23.86353268338985
318;10.50;1.50;True;False;False;False;135;0.50;18.50;False;True;False;False;1;64.7726476747223;0;64.7726476747223;64.7726476747223
318;10.50;1.50;True;False;False;False;454;14.50;4.50;True;False;False;False;1;16.961503164549413;0;16.961503164549413;16.961503164549413
320;12.50;1.50;True;False;False;False;1430;22.50;26.50;True;False;False;False;1;37.421502079631864;0;37.421502079631864;37.421502079631864
326;18.50;1.50;True;False;False;False;115;0.50;12.50;False;True;False;False;1;52.243724301898055;0;52.243724301898055;52.243724301898055
340;32.50;1.50;True;False;False;False;15;59.50;3.50;False;False;True;False;1;28233.30388808544;0;28233.30388808544;28233.30388808544
344;36.50;1.50;True;False;False;False;15;59.50;3.50;False;False;True;False;1;48.794084327173444;0;48.794084327173444;48.794084327173444
346;38.50;1.50;True;False;False;False;55;59.50;15.50;False;False;True;False;1;84.33473260096287;0;84.33473260096287;84.33473260096287
352;44.50;1.50;True;False;False;False;866;30.50;13.50;True;False;False;False;1;32.07313070212692;0;32.07313070212692;32.07313070212692
355;47.50;1.50;True;False;False;False;115;0.50;12.50;False;True;False;False;1;77.66666666664696;0;77.66666666664696;77.66666666664696
357;49.50;1.50;True;False;False;False;15;59.50;3.50;False;False;True;False;1;70.03528030105954;0;70.03528030105954;70.03528030105954
357;49.50;1.50;True;False;False;False;55;59.50;15.50;False;False;True;False;1;64.47573664340985;0;64.47573664340985;64.47573664340985
357;49.50;1.50;True;False;False;False;1131;31.50;19.50;True;False;False;False;1;38.59648774275047;0;38.59648774275047;38.59648774275047
359;51.50;1.50;True;False;False;False;55;59.50;15.50;False;False;True;False;1;92.38379229431564;0;92.38379229431564;92.38379229431564
359;51.50;1.50;True;False;False;False;75;59.50;21.50;False;False;True;False;1;71.42545851665909;0;71.42545851665909;71.42545851665909
359;51.50;1.50;True;False;False;False;771;23.50;11.50;True;False;False;False;1;40.409812417175544;0;40.409812417175544;40.409812417175544
360;8.50;2.50;True;False;False;False;798;50.50;11.50;True;False;False;False;1;49.27830505173404;0;49.27830505173404;49.27830505173404
365;13.50;2.50;True;False;False;False;115;0.50;12.50;False;True;False;False;1;47.6393143413834;0;47.6393143413834;47.6393143413834
388;36.50;2.50;True;False;False;False;1130;30.50;19.50;True;False;False;False;1;33.62522746648028;0;33.62522746648028;33.62522746648028
389;37.50;2.50;True;False;False;False;155;0.50;24.50;False;True;False;False;1;28316.152634536644;0;28316.152634536644;28316.152634536644
397;45.50;2.50;True;False;False;False;15;59.50;3.50;False;False;True;False;1;101.43189668087989;0;101.43189668087989;101.43189668087989
397;45.50;2.50;True;False;False;False;1175;31.50;20.50;True;False;False;False;1;35.26555131244294;0;35.26555131244294;35.26555131244294
454;14.50;4.50;True;False;False;False;115;0.50;12.50;False;True;False;False;1;48.00000000000159;0;48.00000000000159;48.00000000000159
484;44.50;4.50;True;False;False;False;115;0.50;12.50;False;True;False;False;1;27470.743145750504;0;27470.743145750504;27470.743145750504
484;44.50;4.50;True;False;False;False;922;42.50;14.50;True;False;False;False;1;21.111111111111995;0;21.111111111111995;21.111111111111995
485;45.50;4.50;True;False;False;False;15;59.50;3.50;False;False;True;False;2;134.3804420848936;1967.1961597544328;103.01807482926034;165.74280934052683
485;45.50;4.50;True;False;False;False;1132;32.50;19.50;True;False;False;False;1;33.62829765055233;0;33.62829765055233;33.62829765055233
485;45.50;4.50;True;False;False;False;1175;31.50;20.50;True;False;False;False;1;38.59777777777779;0;38.59777777777779;38.59777777777779
486;46.50;4.50;True;False;False;False;95;0.50;6.50;False;True;False;False;1;27811.015396159182;0;27811.015396159182;27811.015396159182
488;48.50;4.50;True;False;False;False;397;45.50;2.50;True;False;False;False;1;15.060966763123673;0;15.060966763123673;15.060966763123673
494;10.50;5.50;True;False;False;False;1132;32.50;19.50;True;False;False;False;1;37.132678733443896;0;37.132678733443896;37.132678733443896
499;15.50;5.50;True;False;False;False;155;0.50;24.50;False;True;False;False;1;160.33777777777777;0;160.33777777777777;160.33777777777777
499;15.50;5.50;True;False;False;False;753;49.50;10.50;True;False;False;False;1;39.75002747814864;0;39.75002747814864;39.75002747814864
503;19.50;5.50;True;False;False;False;35;59.50;9.50;False;False;True;False;1;117.5442805689089;0;117.5442805689089;117.5442805689089
503;19.50;5.50;True;False;False;False;1041;29.50;17.50;True;False;False;False;1;28194.628417932112;0;28194.628417932112;28194.628417932112
507;23.50;5.50;True;False;False;False;1303;27.50;23.50;True;False;False;False;1;28.17777777777792;0;28.17777777777792;28.17777777777792
519;35.50;5.50;True;False;False;False;485;45.50;4.50;True;False;False;False;1;18.71111111111111;0;18.71111111111111;18.71111111111111
520;36.50;5.50;True;False;False;False;75;59.50;21.50;False;False;True;False;1;91.2176705785592;0;91.2176705785592;91.2176705785592
524;40.50;5.50;True;False;False;False;35;59.50;9.50;False;False;True;False;1;47.02222222222247;0;47.02222222222247;47.02222222222247
529;45.50;5.50;True;False;False;False;35;59.50;9.50;False;False;True;False;1;61.13723007768108;0;61.13723007768108;61.13723007768108
529;45.50;5.50;True;False;False;False;535;51.50;5.50;True;False;False;False;1;11.79962483434906;0;11.79962483434906;11.79962483434906
531;47.50;5.50;True;False;False;False;115;0.50;12.50;False;True;False;False;1;145.25671414461766;0;145.25671414461766;145.25671414461766
531;47.50;5.50;True;False;False;False;524;40.50;5.50;True;False;False;False;1;12.419216977964425;0;12.419216977964425;12.419216977964425
535;51.50;5.50;True;False;False;False;35;59.50;9.50;False;False;True;False;1;84.51642240752267;0;84.51642240752267;84.51642240752267
535;51.50;5.50;True;False;False;False;1019;51.50;16.50;True;False;False;False;1;17.327524859725827;0;17.327524859725827;17.327524859725827
535;51.50;5.50;True;False;False;False;1130;30.50;19.50;True;False;False;False;1;46.33337937706709;0;46.33337937706709;46.33337937706709
590;18.50;7.50;True;False;False;False;95;0.50;6.50;False;True;False;False;1;148.35952563150252;0;148.35952563150252;148.35952563150252
590;18.50;7.50;True;False;False;False;1559;19.50;29.50;True;False;False;False;1;28294.095697634104;0;28294.095697634104;28294.095697634104
595;23.50;7.50;True;False;False;False;995;27.50;16.50;True;False;False;False;1;22.130947235574354;0;22.130947235574354;22.130947235574354
604;32.50;7.50;True;False;False;False;35;59.50;9.50;False;False;True;False;1;73.24704183231881;0;73.24704183231881;73.24704183231881
609;37.50;7.50;True;False;False;False;15;59.50;3.50;False;False;True;False;1;34.31265852222674;0;34.31265852222674;34.31265852222674
613;41.50;7.50;True;False;False;False;35;59.50;9.50;False;False;True;False;1;93.89508459877982;0;93.89508459877982;93.89508459877982
614;42.50;7.50;True;False;False;False;35;59.50;9.50;False;False;True;False;1;109.71020490064484;0;109.71020490064484;109.71020490064484
614;42.50;7.50;True;False;False;False;75;59.50;21.50;False;False;True;False;1;27250.92595626791;0;27250.92595626791;27250.92595626791
614;42.50;7.50;True;False;False;False;746;42.50;10.50;True;False;False;False;1;8.29316945779766;0;8.29316945779766;8.29316945779766
614;42.50;7.50;True;False;False;False;995;27.50;16.50;True;False;False;False;1;29.98554916608532;0;29.98554916608532;29.98554916608532
617;45.50;7.50;True;False;False;False;15;59.50;3.50;False;False;True;False;1;53.42853235219329;0;53.42853235219329;53.42853235219329
617;45.50;7.50;True;False;False;False;1130;30.50;19.50;True;False;False;False;1;64.01876343102015;0;64.01876343102015;64.01876343102015
628;12.50;8.50;True;False;False;False;75;59.50;21.50;False;False;True;False;1;120.8515903676589;0;120.8515903676589;120.8515903676589
642;26.50;8.50;True;False;False;False;115;0.50;12.50;False;True;False;False;1;64.03931434138804;0;64.03931434138804;64.03931434138804
642;26.50;8.50;True;False;False;False;798;50.50;11.50;True;False;False;False;1;32.155555555556475;0;32.155555555556475;32.155555555556475
646;30.50;8.50;True;False;False;False;95;0.50;6.50;False;True;False;False;1;139.58229932467958;0;139.58229932467958;139.58229932467958
646;30.50;8.50;True;False;False;False;768;20.50;11.50;True;False;False;False;1;23.22222222222183;0;23.22222222222183;23.22222222222183
647;31.50;8.50;True;False;False;False;95;0.50;6.50;False;True;False;False;1;53.64777138830701;0;53.64777138830701;53.64777138830701
647;31.50;8.50;True;False;False;False;613;41.50;7.50;True;False;False;False;1;18.782709168209635;0;18.782709168209635;18.782709168209635
649;33.50;8.50;True;False;False;False;115;0.50;12.50;False;True;False;False;1;53.40594576958915;0;53.40594576958915;53.40594576958915
649;33.50;8.50;True;False;False;False;781;33.50;11.50;True;False;False;False;1;9.490929917757171;0;9.490929917757171;9.490929917757171
654;38.50;8.50;True;False;False;False;115;0.50;12.50;False;True;False;False;1;46.405130103043575;0;46.405130103043575;46.405130103043575
658;42.50;8.50;True;False;False;False;15;59.50;3.50;False;False;True;False;1;85.70632159777615;0;85.70632159777615;85.70632159777615
658;42.50;8.50;True;False;False;False;1131;31.50;19.50;True;False;False;False;1;27.817156083544518;0;27.817156083544518;27.817156083544518
662;46.50;8.50;True;False;False;False;115;0.50;12.50;False;True;False;False;1;57.256854249493585;0;57.256854249493585;57.256854249493585
662;46.50;8.50;True;False;False;False;919;39.50;14.50;True;False;False;False;1;21.896071227457696;0;21.896071227457696;21.896071227457696
662;46.50;8.50;True;False;False;False;1130;30.50;19.50;True;False;False;False;1;31.288203230275514;0;31.288203230275514;31.288203230275514
663;47.50;8.50;True;False;False;False;135;0.50;18.50;False;True;False;False;1;70.15555555555807;0;70.15555555555807;70.15555555555807
664;48.50;8.50;True;False;False;False;994;26.50;16.50;True;False;False;False;1;32.91929504989362;0;32.91929504989362;32.91929504989362
667;51.50;8.50;True;False;False;False;135;0.50;18.50;False;True;False;False;1;66.28888888887468;0;66.28888888887468;66.28888888887468
722;18.50;10.50;True;False;False;False;35;59.50;9.50;False;False;True;False;1;69.9365696277689;0;69.9365696277689;69.9365696277689
728;24.50;10.50;True;False;False;False;115;0.50;12.50;False;True;False;False;1;53.438388265368076;0;53.438388265368076;53.438388265368076
744;40.50;10.50;True;False;False;False;614;42.50;7.50;True;False;False;False;1;15.264069278793102;0;15.264069278793102;15.264069278793102
746;42.50;10.50;True;False;False;False;35;59.50;9.50;False;False;True;False;1;177.11557735254382;0;177.11557735254382;177.11557735254382
746;42.50;10.50;True;False;False;False;862;26.50;13.50;True;False;False;False;1;25.391313742317152;0;25.391313742317152;25.391313742317152
750;46.50;10.50;True;False;False;False;115;0.50;12.50;False;True;False;False;1;82.28629150101654;0;82.28629150101654;82.28629150101654
750;46.50;10.50;True;False;False;False;887;51.50;13.50;True;False;False;False;1;17.944616978890394;0;17.944616978890394;17.944616978890394
753;49.50;10.50;True;False;False;False;95;0.50;6.50;False;True;False;False;1;115.39481479292499;0;115.39481479292499;115.39481479292499
753;49.50;10.50;True;False;False;False;135;0.50;18.50;False;True;False;False;1;70.48888888887814;0;70.48888888887814;70.48888888887814
753;49.50;10.50;True;False;False;False;1581;41.50;29.50;True;False;False;False;1;32.06240341557782;0;32.06240341557782;32.06240341557782
755;51.50;10.50;True;False;False;False;55;59.50;15.50;False;False;True;False;1;35.82222222222367;0;35.82222222222367;35.82222222222367
757;9.50;11.50;True;False;False;False;115;0.50;12.50;False;True;False;False;1;63.955555555549836;0;63.955555555549836;63.955555555549836
757;9.50;11.50;True;False;False;False;1044;32.50;17.50;True;False;False;False;1;33.95555555554711;0;33.95555555554711;33.95555555554711
763;15.50;11.50;True;False;False;False;1645;17.50;31.50;True;False;False;False;1;26.344907045711295;0;26.344907045711295;26.344907045711295
767;19.50;11.50;True;False;False;False;1568;28.50;29.50;True;False;False;False;1;33.690929917755966;0;33.690929917755966;33.690929917755966
768;20.50;11.50;True;False;False;False;35;59.50;9.50;False;False;True;False;1;51.51624121417092;0;51.51624121417092;51.51624121417092
768;20.50;11.50;True;False;False;False;728;24.50;10.50;True;False;False;False;1;13.184712410875818;0;13.184712410875818;13.184712410875818
771;23.50;11.50;True;False;False;False;35;59.50;9.50;False;False;True;False;1;75.40513010305949;0;75.40513010305949;75.40513010305949
771;23.50;11.50;True;False;False;False;662;46.50;8.50;True;False;False;False;1;30.288888888889915;0;30.288888888889915;30.288888888889915
771;23.50;11.50;True;False;False;False;750;46.50;10.50;True;False;False;False;1;27.294687131289834;0;27.294687131289834;27.294687131289834
777;29.50;11.50;True;False;False;False;35;59.50;9.50;False;False;True;False;1;51.349825196118445;0;51.349825196118445;51.349825196118445
777;29.50;11.50;True;False;False;False;326;18.50;1.50;True;False;False;False;1;29.02294236475018;0;29.02294236475018;29.02294236475018
779;31.50;11.50;True;False;False;False;1327;51.50;23.50;True;False;False;False;1;35.42222222221608;0;35.42222222221608;35.42222222221608
781;33.50;11.50;True;False;False;False;35;59.50;9.50;False;False;True;False;2;62.5545350411233;13.76280491083315;59.93129230446766;65.17777777777894
781;33.50;11.50;True;False;False;False;95;0.50;6.50;False;True;False;False;1;147.20553184826537;0;147.20553184826537;147.20553184826537
781;33.50;11.50;True;False;False;False;722;18.50;10.50;True;False;False;False;1;23.02222222222258;0;23.02222222222258;23.02222222222258
781;33.50;11.50;True;False;False;False;790;42.50;11.50;True;False;False;False;1;13.238635970837322;0;13.238635970837322;13.238635970837322
781;33.50;11.50;True;False;False;False;1130;30.50;19.50;True;False;False;False;1;20.268918985649066;0;20.268918985649066;20.268918985649066
785;37.50;11.50;True;False;False;False;15;59.50;3.50;False;False;True;False;1;28291.006808745216;0;28291.006808745216;28291.006808745216
790;42.50;11.50;True;False;False;False;35;59.50;9.50;False;False;True;False;1;76.09842090986251;0;76.09842090986251;76.09842090986251
790;42.50;11.50;True;False;False;False;1144;44.50;19.50;True;False;False;False;1;23.53734848354418;0;23.53734848354418;23.53734848354418
790;42.50;11.50;True;False;False;False;1176;32.50;20.50;True;False;False;False;1;26.293184569548856;0;26.293184569548856;26.293184569548856
792;44.50;11.50;True;False;False;False;15;59.50;3.50;False;False;True;False;1;28292.230757383313;0;28292.230757383313;28292.230757383313
792;44.50;11.50;True;False;False;False;1130;30.50;19.50;True;False;False;False;1;29.68629150101583;0;29.68629150101583;29.68629150101583
794;46.50;11.50;True;False;False;False;15;59.50;3.50;False;False;True;False;1;107.28209573151071;0;107.28209573151071;107.28209573151071
794;46.50;11.50;True;False;False;False;1590;50.50;29.50;True;False;False;False;1;28.951473497821212;0;28.951473497821212;28.951473497821212
796;48.50;11.50;True;False;False;False;1057;45.50;17.50;True;False;False;False;1;22.083827891909095;0;22.083827891909095;22.083827891909095
797;49.50;11.50;True;False;False;False;35;59.50;9.50;False;False;True;False;1;62.69166729743304;0;62.69166729743304;62.69166729743304
797;49.50;11.50;True;False;False;False;55;59.50;15.50;False;False;True;False;1;27016.250392053436;0;27016.250392053436;27016.250392053436
797;49.50;11.50;True;False;False;False;1008;40.50;16.50;True;False;False;False;1;22.977777777778556;0;22.977777777778556;22.977777777778556
798;50.50;11.50;True;False;False;False;35;59.50;9.50;False;False;True;False;1;27478.720923528283;0;27478.720923528283;27478.720923528283
798;50.50;11.50;True;False;False;False;95;0.50;6.50;False;True;False;False;1;101.36837164468835;0;101.36837164468835;101.36837164468835
798;50.50;11.50;True;False;False;False;1138;38.50;19.50;True;False;False;False;1;28.241424476329712;0;28.241424476329712;28.241424476329712
798;50.50;11.50;True;False;False;False;1325;49.50;23.50;True;False;False;False;1;21.10607837147836;0;21.10607837147836;21.10607837147836
799;51.50;11.50;True;False;False;False;35;59.50;9.50;False;False;True;False;1;26.9171955475324;0;26.9171955475324;26.9171955475324
799;51.50;11.50;True;False;False;False;75;59.50;21.50;False;False;True;False;1;134.91434740554905;0;134.91434740554905;134.91434740554905
799;51.50;11.50;True;False;False;False;359;51.50;1.50;True;False;False;False;1;17.777777777778056;0;17.777777777778056;17.777777777778056
799;51.50;11.50;True;False;False;False;797;49.50;11.50;True;False;False;False;1;6.58737161677314;0;6.58737161677314;6.58737161677314
848;12.50;13.50;True;False;False;False;1439;31.50;26.50;True;False;False;False;1;35.089651649959734;0;35.089651649959734;35.089651649959734
855;19.50;13.50;True;False;False;False;135;0.50;18.50;False;True;False;False;1;36.199999999980264;0;36.199999999980264;36.199999999980264
855;19.50;13.50;True;False;False;False;1674;46.50;31.50;True;False;False;False;1;24908.161405801446;0;24908.161405801446;24908.161405801446
856;20.50;13.50;True;False;False;False;115;0.50;12.50;False;True;False;False;1;54.854256861616705;0;54.854256861616705;54.854256861616705
856;20.50;13.50;True;False;False;False;1532;36.50;28.50;True;False;False;False;1;34.64444444444575;0;34.64444444444575;34.64444444444575
857;21.50;13.50;True;False;False;False;115;0.50;12.50;False;True;False;False;1;54.07189413314677;0;54.07189413314677;54.07189413314677
857;21.50;13.50;True;False;False;False;355;47.50;1.50;True;False;False;False;1;39.26666666666506;0;39.26666666666506;39.26666666666506
860;24.50;13.50;True;False;False;False;649;33.50;8.50;True;False;False;False;1;24.042222222222676;0;24.042222222222676;24.042222222222676
862;26.50;13.50;True;False;False;False;55;59.50;15.50;False;False;True;False;1;78.28284080813614;0;78.28284080813614;78.28284080813614
862;26.50;13.50;True;False;False;False;642;26.50;8.50;True;False;False;False;1;11.888888888889596;0;11.888888888889596;11.888888888889596
865;29.50;13.50;True;False;False;False;135;0.50;18.50;False;True;False;False;1;61.526162201409306;0;61.526162201409306;61.526162201409306
865;29.50;13.50;True;False;False;False;857;21.50;13.50;True;False;False;False;1;13.155555555556475;0;13.155555555556475;13.155555555556475
866;30.50;13.50;True;False;False;False;135;0.50;18.50;False;True;False;False;1;66.02132812816029;0;66.02132812816029;66.02132812816029
866;30.50;13.50;True;False;False;False;609;37.50;7.50;True;False;False;False;1;23.819999999999823;0;23.819999999999823;23.819999999999823
866;30.50;13.50;True;False;False;False;757;9.50;11.50;True;False;False;False;1;29.333333333327573;0;29.333333333327573;29.333333333327573
866;30.50;13.50;True;False;False;False;873;37.50;13.50;True;False;False;False;1;12.81043100308591;0;12.81043100308591;12.81043100308591
866;30.50;13.50;True;False;False;False;887;51.50;13.50;True;False;False;False;1;35.440888289821714;0;35.440888289821714;35.440888289821714
869;33.50;13.50;True;False;False;False;75;59.50;21.50;False;False;True;False;1;55.04240341557818;0;55.04240341557818;55.04240341557818
869;33.50;13.50;True;False;False;False;781;33.50;11.50;True;False;False;False;1;6.961709098053916;0;6.961709098053916;6.961709098053916
871;35.50;13.50;True;False;False;False;922;42.50;14.50;True;False;False;False;1;16.909639882728925;0;16.909639882728925;16.909639882728925
873;37.50;13.50;True;False;False;False;55;59.50;15.50;False;False;True;False;1;47.167721738890464;0;47.167721738890464;47.167721738890464
875;39.50;13.50;True;False;False;False;135;0.50;18.50;False;True;False;False;1;82.7333333333172;0;82.7333333333172;82.7333333333172
877;41.50;13.50;True;False;False;False;35;59.50;9.50;False;False;True;False;1;56.072133842242636;0;56.072133842242636;56.072133842242636
882;46.50;13.50;True;False;False;False;931;51.50;14.50;True;False;False;False;1;14.896660277196474;0;14.896660277196474;14.896660277196474
884;48.50;13.50;True;False;False;False;35;59.50;9.50;False;False;True;False;1;28.449191431250384;0;28.449191431250384;28.449191431250384
884;48.50;13.50;True;False;False;False;357;49.50;1.50;True;False;False;False;1;20.40000000000032;0;20.40000000000032;20.40000000000032
886;50.50;13.50;True;False;False;False;75;59.50;21.50;False;False;True;False;1;61.279646272201376;0;61.279646272201376;61.279646272201376
886;50.50;13.50;True;False;False;False;1056;44.50;17.50;True;False;False;False;1;27.066666666667516;0;27.066666666667516;27.066666666667516
887;51.50;13.50;True;False;False;False;35;59.50;9.50;False;False;True;False;1;65.04483168072716;0;65.04483168072716;65.04483168072716
887;51.50;13.50;True;False;False;False;55;59.50;15.50;False;False;True;False;1;64.25446815173461;0;64.25446815173461;64.25446815173461
887;51.50;13.50;True;False;False;False;359;51.50;1.50;True;False;False;False;1;15.04444444444448;0;15.04444444444448;15.04444444444448
887;51.50;13.50;True;False;False;False;1412;48.50;25.50;True;False;False;False;1;27.533333333333758;0;27.533333333333758;27.533333333333758
890;10.50;14.50;True;False;False;False;365;13.50;2.50;True;False;False;False;1;23.977777777773554;0;23.977777777773554;23.977777777773554
893;13.50;14.50;True;False;False;False;856;20.50;13.50;True;False;False;False;1;16.594869896942782;0;16.594869896942782;16.594869896942782
894;14.50;14.50;True;False;False;False;115;0.50;12.50;False;True;False;False;1;42.07850667122947;0;42.07850667122947;42.07850667122947
894;14.50;14.50;True;False;False;False;484;44.50;4.50;True;False;False;False;1;40.83463202727194;0;40.83463202727194;40.83463202727194
904;24.50;14.50;True;False;False;False;1130;30.50;19.50;True;False;False;False;1;21.755555555556157;0;21.755555555556157;21.755555555556157
913;33.50;14.50;True;False;False;False;55;59.50;15.50;False;False;True;False;1;151.75111111111113;0;151.75111111111113;151.75111111111113
913;33.50;14.50;True;False;False;False;135;0.50;18.50;False;True;False;False;1;43.582907880820585;0;43.582907880820585;43.582907880820585
913;33.50;14.50;True;False;False;False;1131;31.50;19.50;True;False;False;False;1;15.925614501311713;0;15.925614501311713;15.925614501311713
913;33.50;14.50;True;False;False;False;1309;33.50;23.50;True;False;False;False;1;14;0;14;14
919;39.50;14.50;True;False;False;False;55;59.50;15.50;False;False;True;False;1;104.2331607988906;0;104.2331607988906;104.2331607988906
919;39.50;14.50;True;False;False;False;1584;44.50;29.50;True;False;False;False;1;27.922049687777644;0;27.922049687777644;27.922049687777644
922;42.50;14.50;True;False;False;False;35;59.50;9.50;False;False;True;False;1;84.54539806948867;0;84.54539806948867;84.54539806948867
922;42.50;14.50;True;False;False;False;55;59.50;15.50;False;False;True;False;1;117.59496726037082;0;117.59496726037082;117.59496726037082
922;42.50;14.50;True;False;False;False;614;42.50;7.50;True;False;False;False;1;12.266666666666879;0;12.266666666666879;12.266666666666879
922;42.50;14.50;True;False;False;False;1192;48.50;20.50;True;False;False;False;1;22.6109385766664;0;22.6109385766664;22.6109385766664
926;46.50;14.50;True;False;False;False;913;33.50;14.50;True;False;False;False;1;15.149299293006166;0;15.149299293006166;15.149299293006166
930;50.50;14.50;True;False;False;False;1321;45.50;23.50;True;False;False;False;1;22.200456447850996;0;22.200456447850996;22.200456447850996
931;51.50;14.50;True;False;False;False;35;59.50;9.50;False;False;True;False;2;86.95224928651453;2.3706937524732856;85.86351291978627;88.04098565324279
931;51.50;14.50;True;False;False;False;55;59.50;15.50;False;False;True;False;1;50.42826719465586;0;50.42826719465586;50.42826719465586
931;51.50;14.50;True;False;False;False;75;59.50;21.50;False;False;True;False;1;68.3158907886509;0;68.3158907886509;68.3158907886509
931;51.50;14.50;True;False;False;False;604;32.50;7.50;True;False;False;False;1;31.097786436687784;0;31.097786436687784;31.097786436687784
931;51.50;14.50;True;False;False;False;1131;31.50;19.50;True;False;False;False;1;30.04444444444607;0;30.04444444444607;30.04444444444607
931;51.50;14.50;True;False;False;False;1188;44.50;20.50;True;False;False;False;1;27.997156083544724;0;27.997156083544724;27.997156083544724
931;51.50;14.50;True;False;False;False;1411;47.50;25.50;True;False;False;False;1;22.662465642483426;0;22.662465642483426;22.662465642483426
982;14.50;16.50;True;False;False;False;135;0.50;18.50;False;True;False;False;1;53.612409805048514;0;53.612409805048514;53.612409805048514
982;14.50;16.50;True;False;False;False;1247;15.50;22.50;True;False;False;False;1;16.669755740858136;0;16.669755740858136;16.669755740858136
985;17.50;16.50;True;False;False;False;1113;13.50;19.50;True;False;False;False;1;16.40000000000032;0;16.40000000000032;16.40000000000032
994;26.50;16.50;True;False;False;False;582;10.50;7.50;True;False;False;False;1;27808.35162071807;0;27808.35162071807;27808.35162071807
994;26.50;16.50;True;False;False;False;1013;45.50;16.50;True;False;False;False;1;20.08864236030712;0;20.08864236030712;20.08864236030712
995;27.50;16.50;True;False;False;False;135;0.50;18.50;False;True;False;False;1;63.79531768588447;0;63.79531768588447;63.79531768588447
995;27.50;16.50;True;False;False;False;486;46.50;4.50;True;False;False;False;1;35.07214183861572;0;35.07214183861572;35.07214183861572
995;27.50;16.50;True;False;False;False;1019;51.50;16.50;True;False;False;False;1;24.264280568907793;0;24.264280568907793;24.264280568907793
995;27.50;16.50;True;False;False;False;1036;24.50;17.50;True;False;False;False;1;12.933333333334076;0;12.933333333334076;12.933333333334076
995;27.50;16.50;True;False;False;False;1193;49.50;20.50;True;False;False;False;1;31.614845156809224;0;31.614845156809224;31.614845156809224
995;27.50;16.50;True;False;False;False;1270;38.50;22.50;True;False;False;False;1;26.131292304467024;0;26.131292304467024;26.131292304467024
1003;35.50;16.50;True;False;False;False;135;0.50;18.50;False;True;False;False;1;44.2162746132301;0;44.2162746132301;44.2162746132301
1008;40.50;16.50;True;False;False;False;55;59.50;15.50;False;False;True;False;2;94.09921040218615;301.98778491378187;81.81125318965928;106.38716761471301
1008;40.50;16.50;True;False;False;False;1130;30.50;19.50;True;False;False;False;1;21.53537436220165;0;21.53537436220165;21.53537436220165
1008;40.50;16.50;True;False;False;False;1322;46.50;23.50;True;False;False;False;1;22.355555555555384;0;22.355555555555384;22.355555555555384
1010;42.50;16.50;True;False;False;False;55;59.50;15.50;False;False;True;False;1;83.29000160690248;0;83.29000160690248;83.29000160690248
1010;42.50;16.50;True;False;False;False;1014;46.50;16.50;True;False;False;False;1;10.222222222222399;0;10.222222222222399;10.222222222222399
1010;42.50;16.50;True;False;False;False;1132;32.50;19.50;True;False;False;False;1;21.48890818038197;0;21.48890818038197;21.48890818038197
1012;44.50;16.50;True;False;False;False;75;59.50;21.50;False;False;True;False;1;65.2414392001881;0;65.2414392001881;65.2414392001881
1012;44.50;16.50;True;False;False;False;866;30.50;13.50;True;False;False;False;1;36.511111111111745;0;36.511111111111745;36.511111111111745
1013;45.50;16.50;True;False;False;False;35;59.50;9.50;False;False;True;False;1;59.90751620081551;0;59.90751620081551;59.90751620081551
1013;45.50;16.50;True;False;False;False;1191;47.50;20.50;True;False;False;False;1;14.945108002669201;0;14.945108002669201;14.945108002669201
1014;46.50;16.50;True;False;False;False;15;59.50;3.50;False;False;True;False;1;74.65102534974392;0;74.65102534974392;74.65102534974392
1014;46.50;16.50;True;False;False;False;35;59.50;9.50;False;False;True;False;1;62.15555555555807;0;62.15555555555807;62.15555555555807
1014;46.50;16.50;True;False;False;False;799;51.50;11.50;True;False;False;False;1;20.822222222222535;0;20.822222222222535;20.822222222222535
1014;46.50;16.50;True;False;False;False;1130;30.50;19.50;True;False;False;False;1;25.422545853261397;0;25.422545853261397;25.422545853261397
1019;51.50;16.50;True;False;False;False;75;59.50;21.50;False;False;True;False;2;60.5771088734067;15.439531931102476;57.79866219125654;63.35555555555686
1019;51.50;16.50;True;False;False;False;1010;42.50;16.50;True;False;False;False;1;12.709070082244352;0;12.709070082244352;12.709070082244352
1019;51.50;16.50;True;False;False;False;1012;44.50;16.50;True;False;False;False;1;11.605130103057718;0;11.605130103057718;11.605130103057718
1026;14.50;17.50;True;False;False;False;866;30.50;13.50;True;False;False;False;1;30.453999527769213;0;30.453999527769213;30.453999527769213
1030;18.50;17.50;True;False;False;False;75;59.50;21.50;False;False;True;False;1;60.782557455317146;0;60.782557455317146;60.782557455317146
1030;18.50;17.50;True;False;False;False;663;47.50;8.50;True;False;False;False;1;39.333333333334394;0;39.333333333334394;39.333333333334394
1036;24.50;17.50;True;False;False;False;55;59.50;15.50;False;False;True;False;1;48.820181193355666;0;48.820181193355666;48.820181193355666
1036;24.50;17.50;True;False;False;False;1003;35.50;16.50;True;False;False;False;1;19.36150316454973;0;19.36150316454973;19.36150316454973
1044;32.50;17.50;True;False;False;False;115;0.50;12.50;False;True;False;False;1;74.7111111110994;0;74.7111111110994;74.7111111110994
1044;32.50;17.50;True;False;False;False;913;33.50;14.50;True;False;False;False;1;13.755555555552291;0;13.755555555552291;13.755555555552291
1047;35.50;17.50;True;False;False;False;75;59.50;21.50;False;False;True;False;1;96.15588525153191;0;96.15588525153191;96.15588525153191
1047;35.50;17.50;True;False;False;False;1150;50.50;19.50;True;False;False;False;1;24.644444444445753;0;24.644444444445753;24.644444444445753
1051;39.50;17.50;True;False;False;False;75;59.50;21.50;False;False;True;False;1;27177.97040071235;0;27177.97040071235;27177.97040071235
1056;44.50;17.50;True;False;False;False;55;59.50;15.50;False;False;True;False;1;67.0171894825894;0;67.0171894825894;67.0171894825894
1056;44.50;17.50;True;False;False;False;75;59.50;21.50;False;False;True;False;1;95.24710579669824;0;95.24710579669824;95.24710579669824
1056;44.50;17.50;True;False;False;False;1130;30.50;19.50;True;False;False;False;1;24.066666666667516;0;24.066666666667516;24.066666666667516
1056;44.50;17.50;True;False;False;False;1540;44.50;28.50;True;False;False;False;1;15.219062156751136;0;15.219062156751136;15.219062156751136
1057;45.50;17.50;True;False;False;False;55;59.50;15.50;False;False;True;False;1;42.94940201305781;0;42.94940201305781;42.94940201305781
1057;45.50;17.50;True;False;False;False;1415;51.50;25.50;True;False;False;False;1;22.57777777777983;0;22.57777777777983;22.57777777777983
1059;47.50;17.50;True;False;False;False;55;59.50;15.50;False;False;True;False;1;42.532418463959516;0;42.532418463959516;42.532418463959516
1059;47.50;17.50;True;False;False;False;1030;18.50;17.50;True;False;False;False;1;27.195317685886266;0;27.195317685886266;27.195317685886266
1061;49.50;17.50;True;False;False;False;55;59.50;15.50;False;False;True;False;1;116.72722679653123;0;116.72722679653123;116.72722679653123
1062;50.50;17.50;True;False;False;False;35;59.50;9.50;False;False;True;False;1;41.24912675856149;0;41.24912675856149;41.24912675856149
1113;13.50;19.50;True;False;False;False;115;0.50;12.50;False;True;False;False;1;64.97866219125729;0;64.97866219125729;64.97866219125729
1113;13.50;19.50;True;False;False;False;995;27.50;16.50;True;False;False;False;1;24.661536563608593;0;24.661536563608593;24.661536563608593
1114;14.50;19.50;True;False;False;False;135;0.50;18.50;False;True;False;False;1;58.03931434138167;0;58.03931434138167;58.03931434138167
1114;14.50;19.50;True;False;False;False;654;38.50;8.50;True;False;False;False;1;37.911111111102855;0;37.911111111102855;37.911111111102855
1123;23.50;19.50;True;False;False;False;1164;20.50;20.50;True;False;False;False;1;12.858990710347427;0;12.858990710347427;12.858990710347427
1128;28.50;19.50;True;False;False;False;55;59.50;15.50;False;False;True;False;1;58.62222222222431;0;58.62222222222431;58.62222222222431
1128;28.50;19.50;True;False;False;False;1505;9.50;28.50;True;False;False;False;1;32.68888888889023;0;32.68888888889023;32.68888888889023
1130;30.50;19.50;True;False;False;False;617;45.50;7.50;True;False;False;False;1;35.75721860987602;0;35.75721860987602;35.75721860987602
1130;30.50;19.50;True;False;False;False;753;49.50;10.50;True;False;False;False;1;32.20072014252719;0;32.20072014252719;32.20072014252719
1130;30.50;19.50;True;False;False;False;755;51.50;10.50;True;False;False;False;1;34.77777777777919;0;34.77777777777919;34.77777777777919
1130;30.50;19.50;True;False;False;False;777;29.50;11.50;True;False;False;False;1;18.1960651625144;0;18.1960651625144;18.1960651625144
1130;30.50;19.50;True;False;False;False;781;33.50;11.50;True;False;False;False;1;41.37186210495126;0;41.37186210495126;41.37186210495126
1130;30.50;19.50;True;False;False;False;792;44.50;11.50;True;False;False;False;1;45.13160691745986;0;45.13160691745986;45.13160691745986
1130;30.50;19.50;True;False;False;False;877;41.50;13.50;True;False;False;False;1;34.3822222222222;0;34.3822222222222;34.3822222222222
1130;30.50;19.50;True;False;False;False;1008;40.50;16.50;True;False;False;False;1;22.77285371764833;0;22.77285371764833;22.77285371764833
1130;30.50;19.50;True;False;False;False;1059;47.50;17.50;True;False;False;False;1;26.02481961009653;0;26.02481961009653;26.02481961009653
1130;30.50;19.50;True;False;False;False;1062;50.50;17.50;True;False;False;False;1;26.889501924213278;0;26.889501924213278;26.889501924213278
1130;30.50;19.50;True;False;False;False;1317;41.50;23.50;True;False;False;False;1;28.844444444445116;0;28.844444444445116;28.844444444445116
1130;30.50;19.50;True;False;False;False;1324;48.50;23.50;True;False;False;False;1;29.710196241735503;0;29.710196241735503;29.710196241735503
1130;30.50;19.50;True;False;False;False;1327;51.50;23.50;True;False;False;False;1;30.020181193355484;0;30.020181193355484;30.020181193355484
1130;30.50;19.50;True;False;False;False;1547;51.50;28.50;True;False;False;False;1;34.414494731290745;0;34.414494731290745;34.414494731290745
1131;31.50;19.50;True;False;False;False;55;59.50;15.50;False;False;True;False;1;45.04844109994755;0;45.04844109994755;45.04844109994755
1131;31.50;19.50;True;False;False;False;785;37.50;11.50;True;False;False;False;1;26.164241813238334;0;26.164241813238334;26.164241813238334
1131;31.50;19.50;True;False;False;False;931;51.50;14.50;True;False;False;False;1;37.88965164995943;0;37.88965164995943;37.88965164995943
1131;31.50;19.50;True;False;False;False;1128;28.50;19.50;True;False;False;False;1;7.191102452202358;0;7.191102452202358;7.191102452202358
1131;31.50;19.50;True;False;False;False;1151;51.50;19.50;True;False;False;False;1;20.481954255789162;0;20.481954255789162;20.481954255789162
1131;31.50;19.50;True;False;False;False;1382;18.50;25.50;True;False;False;False;1;27.29409609440424;0;27.29409609440424;27.29409609440424
1131;31.50;19.50;True;False;False;False;1397;33.50;25.50;True;False;False;False;1;18.800000000000637;0;18.800000000000637;18.800000000000637
1131;31.50;19.50;True;False;False;False;1524;28.50;28.50;True;False;False;False;1;21.977777777773554;0;21.977777777773554;21.977777777773554
1131;31.50;19.50;True;False;False;False;1720;48.50;32.50;True;False;False;False;1;34.69926478795776;0;34.69926478795776;34.69926478795776
1132;32.50;19.50;True;False;False;False;35;59.50;9.50;False;False;True;False;1;78.93114120787203;0;78.93114120787203;78.93114120787203
1132;32.50;19.50;True;False;False;False;646;30.50;8.50;True;False;False;False;1;26.466420138084857;0;26.466420138084857;26.466420138084857
1132;32.50;19.50;True;False;False;False;855;19.50;13.50;True;False;False;False;1;27.333333333342125;0;27.333333333342125;27.333333333342125
1132;32.50;19.50;True;False;False;False;931;51.50;14.50;True;False;False;False;1;31.613535964539267;0;31.613535964539267;31.613535964539267
1132;32.50;19.50;True;False;False;False;1061;49.50;17.50;True;False;False;False;1;26.11442939606397;0;26.11442939606397;26.11442939606397
1138;38.50;19.50;True;False;False;False;55;59.50;15.50;False;False;True;False;1;56.545743138383614;0;56.545743138383614;56.545743138383614
1142;42.50;19.50;True;False;False;False;75;59.50;21.50;False;False;True;False;1;47.40139311421359;0;47.40139311421359;47.40139311421359
1142;42.50;19.50;True;False;False;False;1047;35.50;17.50;True;False;False;False;1;18.449264054540492;0;18.449264054540492;18.449264054540492
1142;42.50;19.50;True;False;False;False;1131;31.50;19.50;True;False;False;False;1;14.33283752698469;0;14.33283752698469;14.33283752698469
1144;44.50;19.50;True;False;False;False;55;59.50;15.50;False;False;True;False;1;57.79018758282734;0;57.79018758282734;57.79018758282734
1144;44.50;19.50;True;False;False;False;1130;30.50;19.50;True;False;False;False;1;18.155555555556475;0;18.155555555556475;18.155555555556475
1145;45.50;19.50;True;False;False;False;886;50.50;13.50;True;False;False;False;1;21.49111111111108;0;21.49111111111108;21.49111111111108
1146;46.50;19.50;True;False;False;False;869;33.50;13.50;True;False;False;False;1;27.333333333333826;0;27.333333333333826;27.333333333333826
1147;47.50;19.50;True;False;False;False;931;51.50;14.50;True;False;False;False;1;19.123520916163443;0;19.123520916163443;19.123520916163443
1149;49.50;19.50;True;False;False;False;55;59.50;15.50;False;False;True;False;1;26.379927376710064;0;26.379927376710064;26.379927376710064
1150;50.50;19.50;True;False;False;False;55;59.50;15.50;False;False;True;False;1;50.3178344540961;0;50.3178344540961;50.3178344540961
1151;51.50;19.50;True;False;False;False;55;59.50;15.50;False;False;True;False;1;50.71061530476203;0;50.71061530476203;50.71061530476203
1151;51.50;19.50;True;False;False;False;340;32.50;1.50;True;False;False;False;1;63.02617086031796;0;63.02617086031796;63.02617086031796
1155;11.50;20.50;True;False;False;False;155;0.50;24.50;False;True;False;False;1;54.49922619746198;0;54.49922619746198;54.49922619746198
1155;11.50;20.50;True;False;False;False;1168;24.50;20.50;True;False;False;False;1;16.620181193354824;0;16.620181193354824;16.620181193354824
1164;20.50;20.50;True;False;False;False;135;0.50;18.50;False;True;False;False;1;87.98290788083563;0;87.98290788083563;87.98290788083563
1168;24.50;20.50;True;False;False;False;135;0.50;18.50;False;True;False;False;1;51.662651516457345;0;51.662651516457345;51.662651516457345
1173;29.50;20.50;True;False;False;False;55;59.50;15.50;False;False;True;False;1;81.4404228338853;0;81.4404228338853;81.4404228338853
1175;31.50;20.50;True;False;False;False;135;0.50;18.50;False;True;False;False;1;53.63648774275065;0;53.63648774275065;53.63648774275065
1175;31.50;20.50;True;False;False;False;995;27.50;16.50;True;False;False;False;1;17.896168590878688;0;17.896168590878688;17.896168590878688
1175;31.50;20.50;True;False;False;False;1014;46.50;16.50;True;False;False;False;1;27.07037254703897;0;27.07037254703897;27.07037254703897
1175;31.50;20.50;True;False;False;False;1188;44.50;20.50;True;False;False;False;1;16.199762130328054;0;16.199762130328054;16.199762130328054
1176;32.50;20.50;True;False;False;False;1131;31.50;19.50;True;False;False;False;1;9.95555555555552;0;9.95555555555552;9.95555555555552
1176;32.50;20.50;True;False;False;False;1173;29.50;20.50;True;False;False;False;1;21.02519477574731;0;21.02519477574731;21.02519477574731
1188;44.50;20.50;True;False;False;False;15;59.50;3.50;False;False;True;False;1;87.53152014438172;0;87.53152014438172;87.53152014438172
1188;44.50;20.50;True;False;False;False;55;59.50;15.50;False;False;True;False;1;83.97172221499955;0;83.97172221499955;83.97172221499955
1188;44.50;20.50;True;False;False;False;1056;44.50;17.50;True;False;False;False;1;7.561299356473967;0;7.561299356473967;7.561299356473967
1188;44.50;20.50;True;False;False;False;1142;42.50;19.50;True;False;False;False;1;16.249061423334126;0;16.249061423334126;16.249061423334126
1191;47.50;20.50;True;False;False;False;55;59.50;15.50;False;False;True;False;1;69.81554378832459;0;69.81554378832459;69.81554378832459
1191;47.50;20.50;True;False;False;False;520;36.50;5.50;True;False;False;False;1;30.7557163227699;0;30.7557163227699;30.7557163227699
1192;48.50;20.50;True;False;False;False;75;59.50;21.50;False;False;True;False;1;116.80406861625863;0;116.80406861625863;116.80406861625863
1192;48.50;20.50;True;False;False;False;995;27.50;16.50;True;False;False;False;1;30.242403415577428;0;30.242403415577428;30.242403415577428
1193;49.50;20.50;True;False;False;False;75;59.50;21.50;False;False;True;False;1;45.31111111111295;0;45.31111111111295;45.31111111111295
1193;49.50;20.50;True;False;False;False;1130;30.50;19.50;True;False;False;False;1;24.200000000000955;0;24.200000000000955;24.200000000000955
1195;51.50;20.50;True;False;False;False;135;0.50;18.50;False;True;False;False;1;107.328222694453;0;107.328222694453;107.328222694453
1195;51.50;20.50;True;False;False;False;1131;31.50;19.50;True;False;False;False;1;24.24834118879221;0;24.24834118879221;24.24834118879221
1243;11.50;22.50;True;False;False;False;865;29.50;13.50;True;False;False;False;1;33.36740900159862;0;33.36740900159862;33.36740900159862
1247;15.50;22.50;True;False;False;False;115;0.50;12.50;False;True;False;False;1;47.5686042671648;0;47.5686042671648;47.5686042671648
1247;15.50;22.50;True;False;False;False;318;10.50;1.50;True;False;False;False;1;30.81709211916518;0;30.81709211916518;30.81709211916518
1268;36.50;22.50;True;False;False;False;155;0.50;24.50;False;True;False;False;1;49.73777777777778;0;49.73777777777778;49.73777777777778
1268;36.50;22.50;True;False;False;False;1421;13.50;26.50;True;False;False;False;1;31.030617852496334;0;31.030617852496334;31.030617852496334
1270;38.50;22.50;True;False;False;False;75;59.50;21.50;False;False;True;False;1;100.41505109030004;0;100.41505109030004;100.41505109030004
1270;38.50;22.50;True;False;False;False;1298;22.50;23.50;True;False;False;False;1;22.744271909999725;0;22.744271909999725;22.744271909999725
1280;48.50;22.50;True;False;False;False;1405;41.50;25.50;True;False;False;False;1;19.25396297816691;0;19.25396297816691;19.25396297816691
1288;12.50;23.50;True;False;False;False;1155;11.50;20.50;True;False;False;False;1;13.755403447250728;0;13.755403447250728;13.755403447250728
1290;14.50;23.50;True;False;False;False;1406;42.50;25.50;True;False;False;False;1;33.2944712600555;0;33.2944712600555;33.2944712600555
1295;19.50;23.50;True;False;False;False;399;47.50;2.50;True;False;False;False;1;28263.506110307662;0;28263.506110307662;28263.506110307662
1298;22.50;23.50;True;False;False;False;75;59.50;21.50;False;False;True;False;1;57.911111111114224;0;57.911111111114224;57.911111111114224
1303;27.50;23.50;True;False;False;False;95;0.50;6.50;False;True;False;False;1;59.82222222222367;0;59.82222222222367;59.82222222222367
1307;31.50;23.50;True;False;False;False;135;0.50;18.50;False;True;False;False;1;81.99707898108755;0;81.99707898108755;81.99707898108755
1309;33.50;23.50;True;False;False;False;75;59.50;21.50;False;False;True;False;1;55.79768234579009;0;55.79768234579009;55.79768234579009
1309;33.50;23.50;True;False;False;False;1051;39.50;17.50;True;False;False;False;1;21.955555555557112;0;21.955555555557112;21.955555555557112
1311;35.50;23.50;True;False;False;False;75;59.50;21.50;False;False;True;False;1;99.3333333333328;0;99.3333333333328;99.3333333333328
1317;41.50;23.50;True;False;False;False;75;59.50;21.50;False;False;True;False;1;69.55351452668879;0;69.55351452668879;69.55351452668879
1321;45.50;23.50;True;False;False;False;55;59.50;15.50;False;False;True;False;1;70.64411251363133;0;70.64411251363133;70.64411251363133
1322;46.50;23.50;True;False;False;False;55;59.50;15.50;False;False;True;False;1;79.20000000000095;0;79.20000000000095;79.20000000000095
1324;48.50;23.50;True;False;False;False;75;59.50;21.50;False;False;True;False;1;33.000000000000455;0;33.000000000000455;33.000000000000455
1325;49.50;23.50;True;False;False;False;55;59.50;15.50;False;False;True;False;1;91.86163392703611;0;91.86163392703611;91.86163392703611
1327;51.50;23.50;True;False;False;False;55;59.50;15.50;False;False;True;False;1;27076.28355285233;0;27076.28355285233;27076.28355285233
1327;51.50;23.50;True;False;False;False;115;0.50;12.50;False;True;False;False;1;25136.894739134736;0;25136.894739134736;25136.894739134736
1327;51.50;23.50;True;False;False;False;797;49.50;11.50;True;False;False;False;1;21.749607946560673;0;21.749607946560673;21.749607946560673
1379;15.50;25.50;True;False;False;False;1307;31.50;23.50;True;False;False;False;1;26.51366974331438;0;26.51366974331438;26.51366974331438
1382;18.50;25.50;True;False;False;False;75;59.50;21.50;False;False;True;False;1;80.60423219236554;0;80.60423219236554;80.60423219236554
1382;18.50;25.50;True;False;False;False;389;37.50;2.50;True;False;False;False;1;42.30455164366276;0;42.30455164366276;42.30455164366276
1383;19.50;25.50;True;False;False;False;875;39.50;13.50;True;False;False;False;1;36.08960903146408;0;36.08960903146408;36.08960903146408
1397;33.50;25.50;True;False;False;False;75;59.50;21.50;False;False;True;False;1;52.087974019514604;0;52.087974019514604;52.087974019514604
1405;41.50;25.50;True;False;False;False;75;59.50;21.50;False;False;True;False;1;145.88651328946418;0;145.88651328946418;145.88651328946418
1406;42.50;25.50;True;False;False;False;155;0.50;24.50;False;True;False;False;1;73.20649413222105;0;73.20649413222105;73.20649413222105
1411;47.50;25.50;True;False;False;False;55;59.50;15.50;False;False;True;False;1;134.08300367196068;0;134.08300367196068;134.08300367196068
1412;48.50;25.50;True;False;False;False;55;59.50;15.50;False;False;True;False;1;46.90907008224474;0;46.90907008224474;46.90907008224474
1415;51.50;25.50;True;False;False;False;75;59.50;21.50;False;False;True;False;2;31.8558983848629;92.16871520615575;25.067352325280048;38.64444444444575
1415;51.50;25.50;True;False;False;False;913;33.50;14.50;True;False;False;False;1;33.40831891571932;0;33.40831891571932;33.40831891571932
1415;51.50;25.50;True;False;False;False;995;27.50;16.50;True;False;False;False;1;43.2273523252793;0;43.2273523252793;43.2273523252793
1421;13.50;26.50;True;False;False;False;75;59.50;21.50;False;False;True;False;1;125.19385378780328;0;125.19385378780328;125.19385378780328
1430;22.50;26.50;True;False;False;False;115;0.50;12.50;False;True;False;False;1;56.622222222210894;0;56.622222222210894;56.622222222210894
1439;31.50;26.50;True;False;False;False;115;0.50;12.50;False;True;False;False;1;63.95854053884847;0;63.95854053884847;63.95854053884847
1454;46.50;26.50;True;False;False;False;75;59.50;21.50;False;False;True;False;1;80.52910017900473;0;80.52910017900473;80.52910017900473
1454;46.50;26.50;True;False;False;False;1578;38.50;29.50;True;False;False;False;1;22.283383620178597;0;22.283383620178597;22.283383620178597
1505;9.50;28.50;True;False;False;False;135;0.50;18.50;False;True;False;False;1;42.91111111111263;0;42.91111111111263;42.91111111111263
1524;28.50;28.50;True;False;False;False;135;0.50;18.50;False;True;False;False;1;56.622222222210894;0;56.622222222210894;56.622222222210894
1532;36.50;28.50;True;False;False;False;115;0.50;12.50;False;True;False;False;1;66.33333333333599;0;66.33333333333599;66.33333333333599
1540;44.50;28.50;True;False;False;False;75;59.50;21.50;False;False;True;False;1;53.98772173889091;0;53.98772173889091;53.98772173889091
1540;44.50;28.50;True;False;False;False;628;12.50;8.50;True;False;False;False;1;49.487482333197136;0;49.487482333197136;49.487482333197136
1544;48.50;28.50;True;False;False;False;135;0.50;18.50;False;True;False;False;1;69.71183125363223;0;69.71183125363223;69.71183125363223
1544;48.50;28.50;True;False;False;False;1718;46.50;32.50;True;False;False;False;1;15.499301562445112;0;15.499301562445112;15.499301562445112
1547;51.50;28.50;True;False;False;False;15;59.50;3.50;False;False;True;False;1;119.68115625625211;0;119.68115625625211;119.68115625625211
1547;51.50;28.50;True;False;False;False;866;30.50;13.50;True;False;False;False;1;39.05244504351407;0;39.05244504351407;39.05244504351407
1550;10.50;29.50;True;False;False;False;1694;22.50;32.50;True;False;False;False;1;22.983576020178475;0;22.983576020178475;22.983576020178475
1551;11.50;29.50;True;False;False;False;982;14.50;16.50;True;False;False;False;1;23.845328857922823;0;23.845328857922823;23.845328857922823
1554;14.50;29.50;True;False;False;False;667;51.50;8.50;True;False;False;False;1;51.68888888888159;0;51.68888888888159;51.68888888888159
1568;28.50;29.50;True;False;False;False;115;0.50;12.50;False;True;False;False;1;99.9674624676449;0;99.9674624676449;99.9674624676449
1577;37.50;29.50;True;False;False;False;75;59.50;21.50;False;False;True;False;1;117.39444886024155;0;117.39444886024155;117.39444886024155
1578;38.50;29.50;True;False;False;False;75;59.50;21.50;False;False;True;False;1;63.616249873078345;0;63.616249873078345;63.616249873078345
1581;41.50;29.50;True;False;False;False;55;59.50;15.50;False;False;True;False;1;128.62803802613246;0;128.62803802613246;128.62803802613246
1584;44.50;29.50;True;False;False;False;35;59.50;9.50;False;False;True;False;1;59.51322124605531;0;59.51322124605531;59.51322124605531
1589;49.50;29.50;True;False;False;False;55;59.50;15.50;False;False;True;False;1;65.25111977002086;0;65.25111977002086;65.25111977002086
1590;50.50;29.50;True;False;False;False;55;59.50;15.50;False;False;True;False;1;71.92352091616249;0;71.92352091616249;71.92352091616249
1640;12.50;31.50;True;False;False;False;1544;48.50;28.50;True;False;False;False;1;39.244444444438614;0;39.244444444438614;39.244444444438614
1645;17.50;31.50;True;False;False;False;115;0.50;12.50;False;True;False;False;1;61.817142642065335;0;61.817142642065335;61.817142642065335
1645;17.50;31.50;True;False;False;False;1114;14.50;19.50;True;False;False;False;1;24.20513010304876;0;24.20513010304876;24.20513010304876
1673;45.50;31.50;True;False;False;False;75;59.50;21.50;False;False;True;False;1;45.39430009645704;0;45.39430009645704;45.39430009645704
1694;22.50;32.50;True;False;False;False;135;0.50;18.50;False;True;False;False;1;59.02543330795663;0;59.02543330795663;59.02543330795663
1718;46.50;32.50;True;False;False;False;75;59.50;21.50;False;False;True;False;1;74.84480840345452;0;74.84480840345452;74.84480840345452
1720;48.50;32.50;True;False;False;False;75;59.50;21.50;False;False;True;False;1;71.41089640927339;0;71.41089640927339;71.41089640927339
1720;48.50;32.50;True;False;False;False;1311;35.50;23.50;True;False;False;False;1;32.61100768274446;0;32.61100768274446;32.61100768274446
