#ItemDescriptionID;Weight;OrderCount;MeasuredFrequency;StaticFrequency
0;6.357459619807759;1;0.016129032258064516;0.017500949704311184
1;3.75143770861972;16;0.25806451612903225;0.28631146685013537
2;7.088310698554064;19;0.3064516129032258;0.3645530226125131
3;7.931262674709439;2;0.03225806451612903;0.030752252065328802
4;4.28602704139707;3;0.04838709677419355;0.011799450959807655
5;3.640708900820794;55;0.8870967741935484;0.8675409531615405
6;3.3278884372338133;5;0.08064516129032258;0.07937117149480412
7;4.9278083149938885;3;0.04838709677419355;0.030765966720757005
8;2.5194793010686896;2;0.03225806451612903;0.0741090892787872
9;5.913231419358976;5;0.08064516129032258;0.0735803654560372
10;2.753163489863818;51;0.8225806451612904;0.8246844102009514
11;7.000981409568796;8;0.12903225806451613;0.08656700743665818
12;3.1212295997521045;5;0.08064516129032258;0.16520891430161114
13;4.94375124803919;23;0.3709677419354839;0.35339788225662583
14;4.165634128342212;45;0.7258064516129032;0.6729986286662248
15;2.3420503867520255;2;0.03225806451612903;0.09473291696391528
16;2.784190046034842;4;0.06451612903225806;0.06378964516353575
17;3.5044899738880293;2;0.03225806451612903;0.06113116646125024
18;3.582102427064489;10;0.16129032258064516;0.15051891613239876
19;6.8819163045296055;2;0.03225806451612903;0.012830593092426368
20;6.034935122372087;8;0.12903225806451613;0.12568651990992405
21;3.2978359811463562;1;0.016129032258064516;0.01825202384326267
22;4.681399198566284;10;0.16129032258064516;0.05971854295371517
23;7.4817755788014155;1;0.016129032258064516;0.018725466823505992
24;7.837323489523178;0;0;0.037293777819755534
25;5.487736512668309;2;0.03225806451612903;0.031664816527304365
26;6.704454340368721;40;0.6451612903225806;0.611105436536962
27;7.325507734588118;1;0.016129032258064516;0.029763883765312173
28;4.213832298393283;4;0.06451612903225806;0.08754475853647543
29;3.1454740032299764;3;0.04838709677419355;0.07196372238469678
30;4.684227747229965;7;0.11290322580645161;0.1082415223478063
31;5.883040868622736;18;0.2903225806451613;0.2580400813971458
32;6.033154753052236;6;0.0967741935483871;0.10685249537232387
33;6.977819042735649;15;0.24193548387096775;0.231028709722708
34;3.8876600469870772;1;0.016129032258064516;0.03389283082826737
35;5.968051846124256;2;0.03225806451612903;0.01109365474456856
36;2.6072449211996256;24;0.3870967741935484;0.4065927929162303
37;3.5337481887702586;4;0.06451612903225806;0.06841953670798014
38;6.939263584529638;43;0.6935483870967742;0.6645944092797214
39;7.672322297316195;1;0.016129032258064516;0.02287912249088475
40;5.310667251847064;17;0.27419354838709675;0.36382691152070784
41;7.5919843593574985;20;0.3225806451612903;0.2622751428345575
42;6.795550414731517;1;0.016129032258064516;0.010843454367929476
43;3.6254699749990693;11;0.1774193548387097;0.13895997913363237
44;5.533349812744814;8;0.12903225806451613;0.09310576933217077
45;6.733623888685193;24;0.3870967741935484;0.36820725924511194
46;5.980735199516982;20;0.3225806451612903;0.3110156279613905
47;2.9138290839799814;1;0.016129032258064516;0.019205923885252413
48;2.204371592125097;4;0.06451612903225806;0.05400904235999573
49;6.653141921690265;6;0.0967741935483871;0.08050941925056786
50;3.078290216195532;4;0.06451612903225806;0.10999222628673293
51;3.3721635301467794;43;0.6935483870967742;0.6785506952816475
52;5.644734775482087;5;0.08064516129032258;0.023780708858464897
53;2.6132477971786856;8;0.12903225806451613;0.10725893282
54;4.74113195144624;14;0.22580645161290322;0.21403429853780193
55;4.78465684446723;2;0.03225806451612903;0.027075199379971358
56;6.8930380339236175;0;0;0.013407711301015496
57;5.296938742183586;2;0.03225806451612903;0.023849708945151996
58;5.843658373618339;4;0.06451612903225806;0.02461930876400352
59;2.5663472016185276;9;0.14516129032258066;0.2195056400906766
60;7.639893507417241;8;0.12903225806451613;0.15496992727318942
61;6.7425374923006345;30;0.4838709677419355;0.4581489369767039
62;4.549950490961759;1;0.016129032258064516;0.01189742108735085
63;6.940998470848891;0;0;0.012685542842492547
64;4.70633321753998;13;0.20967741935483872;0.10767823283024869
65;7.302859963524556;6;0.0967741935483871;0.09305608074641085
66;3.5430602289471125;0;0;0.010887075035079444
67;6.3562155777384595;5;0.08064516129032258;0.0787253828673487
68;7.593900574182114;5;0.08064516129032258;0.11757835624203189
69;7.225317597028482;30;0.4838709677419355;0.42548205443705467
70;6.35011763980152;6;0.0967741935483871;0.053815784290138016
71;2.44994155711026;0;0;0.0170933165869381
72;7.437838265410549;1;0.016129032258064516;0.036752131240600706
73;5.6110601106710085;5;0.08064516129032258;0.05836446463411691
74;2.5599812942370685;15;0.24193548387096775;0.25052632480261444
75;3.889907768876249;48;0.7741935483870968;0.735991029150729
76;2.048472073883038;11;0.1774193548387097;0.31713309376949245
77;7.237137823941716;0;0;0.015859003060142766
78;2.632534447420637;1;0.016129032258064516;0.037263308492275764
79;4.041762884725706;8;0.12903225806451613;0.22684283964628588
80;2.4401783470251495;15;0.24193548387096775;0.260061430346514
81;2.7551195913716775;28;0.45161290322580644;0.46898093023492754
82;4.53722418031526;9;0.14516129032258066;0.10205062600682108
83;3.454818555831359;2;0.03225806451612903;0.02887459095948682
84;3.3271501284684755;1;0.016129032258064516;0.021260688346902562
85;7.769616325278587;18;0.2903225806451613;0.43639692523359686
86;6.776736336190597;6;0.0967741935483871;0.08028035274598168
87;7.779758964562676;1;0.016129032258064516;0.018936008051312892
88;6.223560853965376;4;0.06451612903225806;0.08590664836483418
89;5.162773501669417;3;0.04838709677419355;0.02081640381402258
90;4.110660569793852;5;0.08064516129032258;0.14362821150265306
91;3.6740395360039733;10;0.16129032258064516;0.15211631670579295
92;3.8989877616516257;29;0.46774193548387094;0.5873323226301302
93;3.3779479066738616;39;0.6290322580645161;0.5039289265701948
94;6.401778209210271;0;0;0.05897228450001317
95;4.307120746144616;6;0.0967741935483871;0.10769635253468565
96;7.655948405925161;4;0.06451612903225806;0.03560365201862778
97;6.85737129247625;1;0.016129032258064516;0.02236886237765036
98;7.692793609431383;23;0.3709677419354839;0.4399088787825168
99;5.895862327840115;2;0.03225806451612903;0.015032646697239645
100;4.7858142903008565;2;0.03225806451612903;0.02932659453407515
101;7.169353319876526;3;0.04838709677419355;0.08150983809888813
102;3.296878491200916;1;0.016129032258064516;0.02356735744082234
103;3.605885820279776;33;0.532258064516129;0.4742175929713633
104;2.9822616572409224;1;0.016129032258064516;0.03154423623355994
105;6.436486359888915;3;0.04838709677419355;0.09994220743993738
106;6.311981701437375;31;0.5;0.5193862266077082
107;6.873068903979412;32;0.5161290322580645;0.6291272069220786
108;3.4747241956529784;0;0;0.016000524152477585
109;2.6203947386799356;8;0.12903225806451613;0.09265180711164009
110;5.728984787933987;5;0.08064516129032258;0.11809974807339774
111;3.460489318454866;1;0.016129032258064516;0.055318738917263376
112;2.9529230990227884;5;0.08064516129032258;0.05095559610927359
113;2.9177965963807875;1;0.016129032258064516;0.024422739492774837
114;6.755928680652719;1;0.016129032258064516;0.015316440554848007
115;5.431408025059573;2;0.03225806451612903;0.03970047185119646
116;2.0018687173732874;6;0.0967741935483871;0.14775320648844775
117;4.3553314694926755;0;0;0.02636537804095028
118;6.275564153807035;5;0.08064516129032258;0.046373948841498966
119;7.024692304909552;0;0;0.012780683756600303
120;2.291819378869524;3;0.04838709677419355;0.05337321830140079
121;6.352029931895449;1;0.016129032258064516;0.012532977255954864
122;3.199890805035779;8;0.12903225806451613;0.1105914668074086
123;2.083506805861139;0;0;0.025975273268522295
124;6.515586206929566;45;0.7258064516129032;0.7804836087329408
125;2.7373190581506672;20;0.3225806451612903;0.23696969195110443
126;3.7534172291650516;7;0.11290322580645161;0.08767327803299124
127;4.171834350643602;8;0.12903225806451613;0.10801265009292936
128;4.425153580692203;12;0.1935483870967742;0.19620398068055556
129;5.646781074650018;5;0.08064516129032258;0.1315474104695589
130;2.4108113182758966;1;0.016129032258064516;0.01436007216781346
131;2.503836071353329;2;0.03225806451612903;0.04193497236808911
132;5.406936231724423;17;0.27419354838709675;0.22920024589318333
133;2.0839154180530066;2;0.03225806451612903;0.019593447103535333
134;2.8927389694809627;3;0.04838709677419355;0.07246295884711217
135;7.278592750094176;7;0.11290322580645161;0.07101831967549765
136;3.292724691002036;4;0.06451612903225806;0.044155210511296124
137;5.268400253387354;61;0.9838709677419355;0.9539188069091126
138;5.149149005836411;3;0.04838709677419355;0.04700716585829976
139;3.497342942979812;2;0.03225806451612903;0.0314508707497382
140;4.1150622815429525;11;0.1774193548387097;0.2015104808749983
141;5.0981969950246615;21;0.3387096774193548;0.35398281788863967
142;2.0474199773964563;2;0.03225806451612903;0.01138648295199765
143;6.497767339692342;1;0.016129032258064516;0.034750983738785976
144;5.911524201702106;3;0.04838709677419355;0.07786815103762336
145;3.551395330369191;0;0;0.06328467581915755
146;7.83183028913654;34;0.5483870967741935;0.5147316970538545
147;6.917531435805155;0;0;0.011275999588603257
148;4.888778480183696;1;0.016129032258064516;0.03766505316274069
149;5.254179069425063;12;0.1935483870967742;0.15479222936519837
150;6.387988226668904;5;0.08064516129032258;0.1279464111708094
151;7.855955546654741;12;0.1935483870967742;0.1930629127415298
152;2.4707286574275833;33;0.532258064516129;0.7493041970347274
153;7.02771471581781;11;0.1774193548387097;0.19153634281256277
154;2.4914128028282025;5;0.08064516129032258;0.0841308485212979
155;3.638744255359631;51;0.8225806451612904;0.628739940626761
156;6.951123100217023;3;0.04838709677419355;0.10084852401655404
157;4.0852552503744395;13;0.20967741935483872;0.10949101553733408
158;6.306571783640688;27;0.43548387096774194;0.5189236285961786
159;7.518778831473915;4;0.06451612903225806;0.08583464122557813
160;6.217211291295109;4;0.06451612903225806;0.07700782414929959
161;3.51960555721056;0;0;0.02953010880797582
162;5.135073591552243;1;0.016129032258064516;0.05471102738027117
163;7.159241581875477;2;0.03225806451612903;0.042550962748553474
164;6.059491268386827;9;0.14516129032258066;0.13580209258970033
165;6.225462065183307;14;0.22580645161290322;0.17427363254840245
166;5.884561449235567;11;0.1774193548387097;0.10164147534710574
167;2.329973313179786;9;0.14516129032258066;0.14461781629145337
168;7.741040799646191;10;0.16129032258064516;0.16172241305116314
169;5.15655032133523;1;0.016129032258064516;0.05678291603966398
170;3.9308223304947942;2;0.03225806451612903;0.025710862351163113
171;2.139633387392216;25;0.4032258064516129;0.34393402007064294
172;6.567375005487062;10;0.16129032258064516;0.11507453096510604
173;5.992963387627603;34;0.5483870967741935;0.5459953910186234
174;7.066770822306523;4;0.06451612903225806;0.06400035423742975
175;7.783965461786821;2;0.03225806451612903;0.08218873463483244
176;4.966834218691492;27;0.43548387096774194;0.4683752815832601
177;4.993037906006462;27;0.43548387096774194;0.32655676479873347
178;7.281223566867981;0;0;0.022578623219228548
179;6.467777381868929;1;0.016129032258064516;0.04327128487844103
180;2.9943868988167432;1;0.016129032258064516;0.019594646185106854
181;3.2167379442680337;2;0.03225806451612903;0.03058798126836486
182;4.084901461417275;0;0;0.03336101305996091
183;4.235388379653631;47;0.7580645161290323;0.5751990214064239
184;4.927106623969556;6;0.0967741935483871;0.10199042427039297
185;4.685181456937073;62;1;0.9839116752711505
186;2.1747910148346756;1;0.016129032258064516;0.0545091163143893
187;2.6600538867805406;5;0.08064516129032258;0.09552620376339782
188;4.738825195813004;2;0.03225806451612903;0.031210016318759994
189;2.4724396720865927;4;0.06451612903225806;0.12175951339608382
190;7.18879495430216;14;0.22580645161290322;0.24649540471040413
191;2.819746350319938;6;0.0967741935483871;0.09809379997088162
192;4.899037641891761;7;0.11290322580645161;0.05894809827109305
193;4.493287344692874;5;0.08064516129032258;0.06434580458656462
194;4.212741784850481;13;0.20967741935483872;0.1967325652116214
195;3.020535832746204;1;0.016129032258064516;0.01380627226224248
196;5.496757977407778;5;0.08064516129032258;0.013536583281896964
197;2.9346837256730924;5;0.08064516129032258;0.03739178262658308
198;4.025834170182158;1;0.016129032258064516;0.03231419711919187
199;7.693338050364209;0;0;0.01577137582046162
200;5.816515192304046;5;0.08064516129032258;0.10555497373349951
201;4.947919395262338;7;0.11290322580645161;0.11338575583205505
202;3.017819361303849;17;0.27419354838709675;0.21336662748122084
203;5.718990080859042;10;0.16129032258064516;0.18237237144026514
204;4.73514662717243;1;0.016129032258064516;0.022505763565458605
205;7.795620193609791;2;0.03225806451612903;0.013897961323029957
206;6.1481162040252775;14;0.22580645161290322;0.23390007835850435
207;7.982041146597844;2;0.03225806451612903;0.06904327723476975
208;5.088006807997826;1;0.016129032258064516;0.02699895905274913
209;2.2127727680899074;5;0.08064516129032258;0.04589464905403868
210;5.873956053459065;4;0.06451612903225806;0.08845075680197853
211;4.968589981537587;2;0.03225806451612903;0.06847097859970591
212;5.494450218740129;15;0.24193548387096775;0.21033835408909413
213;2.2910777480765607;6;0.0967741935483871;0.07593090015683825
214;2.2375189430255067;2;0.03225806451612903;0.038761617231440074
215;7.973829681041572;3;0.04838709677419355;0.040102577298258855
216;2.3395550997646315;2;0.03225806451612903;0.0151621030098651
217;7.583841706432328;2;0.03225806451612903;0.054542142697167846
218;6.242843514421416;3;0.04838709677419355;0.10242929012144145
219;3.252250478254748;28;0.45161290322580644;0.4077927044016689
220;7.629826330407441;6;0.0967741935483871;0.1923417083689686
221;6.118253785240582;1;0.016129032258064516;0.01502120796379649
222;4.375349256384815;18;0.2903225806451613;0.29710668484405833
223;3.9296943498447976;20;0.3225806451612903;0.3524056296067994
224;6.721579202786823;15;0.24193548387096775;0.2555574059907251
225;7.875917275378442;22;0.3548387096774194;0.3882243910233853
226;7.954015376024886;2;0.03225806451612903;0.01510230163715687
227;2.462410275108372;2;0.03225806451612903;0.058080539841908335
228;3.35813493717375;18;0.2903225806451613;0.21006088849014282
229;6.531259432682423;11;0.1774193548387097;0.25329688918659454
230;6.883005158455579;16;0.25806451612903225;0.22214730619297088
231;3.0335389278053952;4;0.06451612903225806;0.14855026046333117
232;5.452809890477364;4;0.06451612903225806;0.08890911174175227
233;6.890744748008784;33;0.532258064516129;0.7100657344229331
234;3.6551604781556692;1;0.016129032258064516;0.05529043429613922
235;7.213686949207301;20;0.3225806451612903;0.16368008443871712
236;6.576588603005087;5;0.08064516129032258;0.03522928065707407
237;7.047906969230579;4;0.06451612903225806;0.11447472231578279
238;2.569507774230795;5;0.08064516129032258;0.05101023884192438
239;3.234943697804093;3;0.04838709677419355;0.04186962563465813
240;4.642732473389587;27;0.43548387096774194;0.3620607492521706
241;6.371859260076591;3;0.04838709677419355;0.02546975753025254
242;3.7847018194313637;5;0.08064516129032258;0.03014222714331684
243;6.394032799822294;6;0.0967741935483871;0.10063776619758548
244;6.420078161368183;11;0.1774193548387097;0.15751228261400346
245;6.817341683813064;16;0.25806451612903225;0.2242424157081849
246;4.992496303744845;1;0.016129032258064516;0.021393821017160284
247;6.679023752305202;3;0.04838709677419355;0.042296158707316435
248;4.229538308563427;2;0.03225806451612903;0.019460032512108098
249;3.1540866378480974;0;0;0.015704630997052212
250;2.892023255532618;0;0;0.011313925568629847
251;2.2741842066283264;0;0;0.019952261165420856
252;3.95910160334739;11;0.1774193548387097;0.128690976229484
253;3.169521093913131;4;0.06451612903225806;0.1061450887350276
254;3.0024421815771807;10;0.16129032258064516;0.2157414286863282
255;6.736054509289588;8;0.12903225806451613;0.12966800630528286
256;7.097436875615938;6;0.0967741935483871;0.1268857517231304
257;2.402212234401243;17;0.27419354838709675;0.23926815352738381
258;5.810673776925855;6;0.0967741935483871;0.1155391710953905
259;5.749908208730588;1;0.016129032258064516;0.01823640873440799
260;2.12559435056783;10;0.16129032258064516;0.09947917251335787
261;2.3000120158772974;18;0.2903225806451613;0.2747088803702154
262;4.391542414385612;4;0.06451612903225806;0.05595832417981327
263;6.405317397976908;2;0.03225806451612903;0.0761511694252979
264;6.510899764723563;1;0.016129032258064516;0.012474673219943843
265;4.243409126179017;2;0.03225806451612903;0.10030617191627085
266;6.751780367806451;7;0.11290322580645161;0.09434720675022189
267;6.199887408968008;12;0.1935483870967742;0.1958322825317456
268;3.2817811217539856;0;0;0.02316624090167122
269;3.7891122511537336;12;0.1935483870967742;0.08313024517569925
270;2.0420218277918276;28;0.45161290322580644;0.33650655693962955
271;2.6017253038481463;4;0.06451612903225806;0.07879598206403186
272;5.197941405325169;3;0.04838709677419355;0.0665395290335143
273;4.392732653018428;2;0.03225806451612903;0.04669397704835964
274;4.614783824707747;29;0.46774193548387094;0.3661591583156408
275;7.781000455739442;0;0;0.07894780637198708
276;2.697094433334234;16;0.25806451612903225;0.23371509810687252
277;7.010233466052559;37;0.5967741935483871;0.49091239307112666
278;5.332752996744938;7;0.11290322580645161;0.11621603600392318
279;2.1293921098715587;3;0.04838709677419355;0.01696620738118084
280;4.263167328323782;1;0.016129032258064516;0.018142700000357836
281;2.061466694838119;4;0.06451612903225806;0.05925358881193956
282;6.281150804032176;18;0.2903225806451613;0.2864088406282862
283;3.143222068037476;2;0.03225806451612903;0.03281343387228739
284;7.31522070863993;4;0.06451612903225806;0.07284330172080461
285;7.138648737752181;12;0.1935483870967742;0.19739354563444164
286;7.379468926870948;10;0.16129032258064516;0.1303719817717261
287;5.715233529785291;26;0.41935483870967744;0.3429111208145384
288;2.659574849838193;3;0.04838709677419355;0.027007912232369664
289;4.171602727925221;11;0.1774193548387097;0.19511964518524935
290;4.862572549312642;7;0.11290322580645161;0.08269042491143058
291;3.5999871788546383;3;0.04838709677419355;0.015747389960959778
292;7.537521979556196;10;0.16129032258064516;0.1993412542726867
293;2.5364246147388707;1;0.016129032258064516;0.014552728824213672
294;3.0057250657145516;27;0.43548387096774194;0.42679074196867955
295;5.734148439827444;11;0.1774193548387097;0.15943411234506652
296;2.0469875969211513;0;0;0.1165422018707488
297;6.1902607233218205;1;0.016129032258064516;0.036125120204378934
298;7.612814710295208;5;0.08064516129032258;0.08488484584870051
299;3.1358775846361544;0;0;0.03944751167157471
300;2.817253656134593;4;0.06451612903225806;0.05340950503006877
301;4.61907575587699;12;0.1935483870967742;0.14845189854377056
302;6.1479729042146225;2;0.03225806451612903;0.09461135738265886
303;4.132925662273972;19;0.3064516129032258;0.33145103428398653
304;6.582731937329626;7;0.11290322580645161;0.1152921026756598
305;7.83511297769617;6;0.0967741935483871;0.11815314580926849
306;6.176184767007914;9;0.14516129032258066;0.10686066417085542
307;4.180358296344224;5;0.08064516129032258;0.09776270199345977
308;5.944743541974921;7;0.11290322580645161;0.08599701250536293
309;2.665715197411233;16;0.25806451612903225;0.13638753328447567
310;7.620597262690122;8;0.12903225806451613;0.08161424752563974
311;4.314514448081383;6;0.0967741935483871;0.17235741949237887
312;5.715091808566401;0;0;0.03883340667864141
313;4.701653156756262;2;0.03225806451612903;0.08814596863958603
314;3.8099385201045957;1;0.016129032258064516;0.020664330921241165
315;6.878310630506981;10;0.16129032258064516;0.2555526038376955
316;3.0092733209064573;0;0;0.01993899973674785
317;2.1636392167600054;13;0.20967741935483872;0.20058639374339482
318;3.905153288461805;5;0.08064516129032258;0.077708615093875
319;5.1904451200694055;4;0.06451612903225806;0.08433777504297252
320;3.7259671304961515;9;0.14516129032258066;0.09733140809329435
321;4.014772863134171;25;0.4032258064516129;0.3803244849960434
322;2.115525645257684;2;0.03225806451612903;0.0947159369479038
323;2.8089527417015994;6;0.0967741935483871;0.08367775926878453
324;5.570499424622627;5;0.08064516129032258;0.06532194551518539
325;7.517161367236246;10;0.16129032258064516;0.17411503388218288
326;2.193111703821044;1;0.016129032258064516;0.029654166423060707
327;6.198907866235314;9;0.14516129032258066;0.22005983907939075
328;7.356613748407277;3;0.04838709677419355;0.06746401840662099
329;5.655105268422098;21;0.3387096774193548;0.37559431877780486
330;6.197458383719185;2;0.03225806451612903;0.025906006738578014
331;6.732115405952611;2;0.03225806451612903;0.023097846192912733
332;6.463010392367378;0;0;0.011088471790525389
333;7.3103955822579545;0;0;0.032579921685052374
334;5.125891778211059;21;0.3387096774193548;0.3659085094597351
335;7.122624883019656;28;0.45161290322580644;0.4625325186845422
336;5.3536089907184286;1;0.016129032258064516;0.024656539038105378
337;6.117624916191038;23;0.3709677419354839;0.38659999535216466
338;7.928828698549806;6;0.0967741935483871;0.12670383353713877
339;5.454189101911238;7;0.11290322580645161;0.06711279527540295
340;4.025723135110793;1;0.016129032258064516;0.04689852795071124
341;2.4452775420831876;1;0.016129032258064516;0.019007999715511245
342;5.530164158684278;2;0.03225806451612903;0.020196067475951762
343;5.05561639045161;2;0.03225806451612903;0.05822891449569034
344;6.90000209347345;18;0.2903225806451613;0.3260340987526469
345;5.5621174432160885;0;0;0.05059174183246285
346;5.596861800922483;1;0.016129032258064516;0.012947884777073605
347;3.198523554577736;3;0.04838709677419355;0.07083951776843234
348;3.5452754486097375;8;0.12903225806451613;0.07098406705364219
349;3.3761967985779964;0;0;0.020862619406028172
350;4.75337226537679;15;0.24193548387096775;0.34701512649135835
351;6.020574513832375;2;0.03225806451612903;0.012269268387670553
352;6.5902747896454645;3;0.04838709677419355;0.05487404774337468
353;7.111652108426975;0;0;0.02762007648744238
354;4.270768395751141;0;0;0.0119573645028238
355;5.265925108113291;6;0.0967741935483871;0.10219945302093036
356;5.394919946507979;2;0.03225806451612903;0.014679613548486651
357;3.197484436071238;28;0.45161290322580644;0.3969687451979465
358;4.39687471017096;0;0;0.01322365243338392
359;6.3392717588410115;1;0.016129032258064516;0.02085707283074536
360;4.925581388606495;1;0.016129032258064516;0.04274236849048435
361;3.050919108582157;4;0.06451612903225806;0.17640519205315086
362;3.3623062779020083;5;0.08064516129032258;0.0967585825617175
363;6.420795850651709;8;0.12903225806451613;0.13096147593943497
364;7.079171825702847;15;0.24193548387096775;0.28107560332621767
365;2.9435119596046917;16;0.25806451612903225;0.18540058779667906
366;6.554631727074566;0;0;0.012729570661128297
367;2.0593767091908384;7;0.11290322580645161;0.1665736009083173
368;2.0424829637829602;62;1;1
369;5.78934025475259;4;0.06451612903225806;0.07533008590991909
370;7.866164123577143;20;0.3225806451612903;0.5482634677238369
371;2.5795186667607717;3;0.04838709677419355;0.060531930511795055
372;5.910947755868988;7;0.11290322580645161;0.1004863058536188
373;7.116282942293344;1;0.016129032258064516;0.08193472653683838
374;3.1543437862556165;3;0.04838709677419355;0.04834406242629915
375;2.327707408148659;14;0.22580645161290322;0.21218137238267046
376;3.086283017455732;10;0.16129032258064516;0.12728650040501316
377;6.876904102450657;5;0.08064516129032258;0.06536729634471958
378;5.395277736426926;2;0.03225806451612903;0.05303479422866742
379;4.1813287670637145;13;0.20967741935483872;0.3068110999576505
380;6.630671522873767;2;0.03225806451612903;0.0330601417095462
381;5.486662246047828;0;0;0.01752385517977638
382;7.566605336762315;12;0.1935483870967742;0.216167027016307
383;2.8987176245538135;7;0.11290322580645161;0.12209441658329172
384;3.049641371262093;4;0.06451612903225806;0.07362945713723591
385;5.436597331164683;1;0.016129032258064516;0.01786882335335174
386;7.6690943425843;1;0.016129032258064516;0.013649744693096025
387;7.324621465673959;26;0.41935483870967744;0.49163518269979356
388;5.153988920689555;10;0.16129032258064516;0.16085421857288815
389;2.1188424453692707;1;0.016129032258064516;0.04156087309984468
390;4.748491756966566;39;0.6290322580645161;0.582944982509915
391;2.117947964983968;9;0.14516129032258066;0.14893034289249762
392;5.959305581617777;7;0.11290322580645161;0.07805107312691736
393;7.420725034280086;3;0.04838709677419355;0.16624866843879624
394;7.903026616155648;3;0.04838709677419355;0.09765416523105079
395;3.651579147973833;2;0.03225806451612903;0.03245757311504397
396;3.8545045181431363;18;0.2903225806451613;0.3554608409008828
397;2.9225469645683404;32;0.5161290322580645;0.631300059013976
398;2.013299434451991;3;0.04838709677419355;0.030348483804206933
399;3.552993158601687;23;0.3709677419354839;0.2733026140834846
400;4.512103219755042;5;0.08064516129032258;0.07253763642923307
401;4.526486845000874;3;0.04838709677419355;0.0588600356812714
402;3.6808181347701785;1;0.016129032258064516;0.018603394001579485
403;2.8025364339363463;1;0.016129032258064516;0.025377438324131057
404;5.87034340289903;0;0;0.06948041135266289
405;2.734721187844277;4;0.06451612903225806;0.08815308364578239
406;6.554752624852002;13;0.20967741935483872;0.23582231938744883
407;7.546269160484089;2;0.03225806451612903;0.04110682910748568
408;6.831211992926528;13;0.20967741935483872;0.20706224975374724
409;5.246190671457998;2;0.03225806451612903;0.03245210162279314
410;4.7726779760665625;0;0;0.011942846674606444
411;2.1844684808442687;32;0.5161290322580645;0.5021495605896116
412;6.5922876645774995;1;0.016129032258064516;0.027360022666791273
413;4.991735492363449;25;0.4032258064516129;0.5290453115782299
414;2.087900141294999;10;0.16129032258064516;0.2436938023143021
415;2.7088160080410617;2;0.03225806451612903;0.06579574269262635
416;7.577734285768929;9;0.14516129032258066;0.2384160759147902
417;6.744220720950617;0;0;0.014372948118134865
418;2.678700296524307;2;0.03225806451612903;0.04029532011277451
419;5.300513148913399;0;0;0.011176082938156667
420;6.154128378328927;1;0.016129032258064516;0.03205532958517829
421;7.536286336153879;9;0.14516129032258066;0.2226045878121542
422;5.3713611491822455;7;0.11290322580645161;0.0516883236076478
423;6.625582386099539;4;0.06451612903225806;0.205268809989235
424;4.353243716225608;0;0;0.022770909696101852
425;5.602928521858029;1;0.016129032258064516;0.028654935756489922
426;3.9322495534700574;3;0.04838709677419355;0.05946887609700672
427;2.3265718334943855;9;0.14516129032258066;0.13710739209977055
428;6.325087620096787;1;0.016129032258064516;0.017857376424150025
429;5.310060307062259;4;0.06451612903225806;0.13369400051575803
430;3.553536523856938;29;0.46774193548387094;0.5768167988069685
431;6.8518167365583675;1;0.016129032258064516;0.012142712492806488
432;6.130373508730146;14;0.22580645161290322;0.17140094739713507
433;3.869456766112455;5;0.08064516129032258;0.05310847325043847
434;6.3592824490551285;27;0.43548387096774194;0.48114791508523685
435;3.425194993347486;0;0;0.015623008570418212
436;3.4928507709376753;1;0.016129032258064516;0.029596383552731413
437;7.044139809461376;43;0.6935483870967742;0.647505382400657
438;5.899179764976343;3;0.04838709677419355;0.026945554125061638
439;7.238418782706567;0;0;0.06718300847216206
440;6.003744375893727;23;0.3709677419354839;0.3435698576852173
441;2.5765451782273807;4;0.06451612903225806;0.13319654322978672
442;7.315142639593754;0;0;0.01207985217149585
443;7.121260946207336;4;0.06451612903225806;0.1306796882922601
444;6.261456393758513;1;0.016129032258064516;0.04306536459708001
445;5.489244095743281;11;0.1774193548387097;0.12423693660133607
446;2.8812239053106046;2;0.03225806451612903;0.03517832561430778
447;5.2572106249896855;55;0.8870967741935484;0.7551780302646708
448;7.439299035556289;1;0.016129032258064516;0.02317224759536783
449;7.621236751610989;8;0.12903225806451613;0.19321885930872518
450;7.068698025806201;4;0.06451612903225806;0.056111079757061325
451;2.688968443632577;6;0.0967741935483871;0.12379334797527843
452;4.2504701978762025;17;0.27419354838709675;0.37037755414423745
453;4.591391148321047;7;0.11290322580645161;0.10213762636467211
454;5.153511752911616;2;0.03225806451612903;0.07462628750116189
455;2.370601009750087;5;0.08064516129032258;0.06688885740410588
456;5.660861808648734;1;0.016129032258064516;0.022365768792156925
457;2.65773100995353;13;0.20967741935483872;0.15980828877980718
458;5.831609357069996;18;0.2903225806451613;0.25042382448139733
459;4.520411649961217;3;0.04838709677419355;0.09721795486167424
460;2.5473982414917082;17;0.27419354838709675;0.3352010201952451
461;6.498956402064746;15;0.24193548387096775;0.2366299173329528
462;3.7659183795405173;22;0.3548387096774194;0.32407592406240676
463;3.26543131715871;4;0.06451612903225806;0.060831445697535735
464;7.201752739586753;34;0.5483870967741935;0.4964304308430746
465;3.4021922710361854;15;0.24193548387096775;0.1774246079701611
466;6.443535805886396;6;0.0967741935483871;0.08439444567290597
467;6.142395650102941;15;0.24193548387096775;0.22549024168845827
468;7.582566383100379;4;0.06451612903225806;0.08520382639353792
469;2.5592360061403534;7;0.11290322580645161;0.09008026967751494
470;6.319880357161108;8;0.12903225806451613;0.10739169975891444
471;3.607484492290525;11;0.1774193548387097;0.19668728692556994
472;7.799219969566549;23;0.3709677419354839;0.6333626186734709
473;5.246764080248198;12;0.1935483870967742;0.15051810977706417
474;6.774544876429506;4;0.06451612903225806;0.07301124654333548
475;2.105967115660183;16;0.25806451612903225;0.29555116566635964
476;4.398545994608917;3;0.04838709677419355;0.04877566162635128
477;2.889805241902268;5;0.08064516129032258;0.11386546138459305
478;7.72865448134423;18;0.2903225806451613;0.3711514532394516
479;2.4564087178820784;1;0.016129032258064516;0.05402543524186928
480;3.003284677398989;28;0.45161290322580644;0.3398015136870901
481;7.0740671796137775;0;0;0.013935207291999584
482;3.6435722036490086;7;0.11290322580645161;0.12363609716197314
483;5.091940002093064;1;0.016129032258064516;0.04307093688793683
484;5.214630621119696;2;0.03225806451612903;0.03290544437027099
485;4.209748319447854;7;0.11290322580645161;0.10873027162324343
486;4.0092311203522755;5;0.08064516129032258;0.1383978661801407
487;7.302060352313361;10;0.16129032258064516;0.05704845955752257
488;5.096857673067999;4;0.06451612903225806;0.03218563795293555
489;4.622787349216075;5;0.08064516129032258;0.07041654840698525
490;7.871401446811576;9;0.14516129032258066;0.04146111747528595
491;6.9591240486871095;2;0.03225806451612903;0.07584205263526148
492;5.784681819279064;17;0.27419354838709675;0.4542538850553926
493;7.1128906463798565;0;0;0.01593665880204432
494;3.0528012565582996;5;0.08064516129032258;0.1332369717605314
495;3.8262083389918358;21;0.3387096774193548;0.4502764828582935
496;5.946868326490218;10;0.16129032258064516;0.1522582066392431
497;6.515436402762046;1;0.016129032258064516;0.011845078827503226
498;7.20035003088431;18;0.2903225806451613;0.34762702119212713
499;4.149429442430581;6;0.0967741935483871;0.03776089625050775
500;2.819294101940139;8;0.12903225806451613;0.09080492107170865
501;7.901793562761412;2;0.03225806451612903;0.04662137582297811
502;7.756377025393944;2;0.03225806451612903;0.02862903672215742
503;7.886576622671716;2;0.03225806451612903;0.0532595913859635
504;5.608782901246466;28;0.45161290322580644;0.5198143183421722
505;5.203413941526513;3;0.04838709677419355;0.12470501515225518
506;2.7243971306478594;4;0.06451612903225806;0.04048032428740867
507;5.742820996671366;1;0.016129032258064516;0.03065828385495632
508;3.598815444670066;5;0.08064516129032258;0.13882227534457106
509;4.555540619676719;22;0.3548387096774194;0.22952002180124723
510;4.086345138068472;3;0.04838709677419355;0.06988455712157714
511;5.613405912003204;12;0.1935483870967742;0.23591876896878494
512;2.1344378814727243;2;0.03225806451612903;0.012261108265664887
513;6.695775214906678;8;0.12903225806451613;0.16206439652301105
514;5.100930386735559;11;0.1774193548387097;0.15748296006336332
515;3.67057585142114;3;0.04838709677419355;0.08788608845589593
516;5.997329389675208;7;0.11290322580645161;0.15850936192709006
517;2.07106334812523;0;0;0.010845996825335496
518;4.693473419497476;3;0.04838709677419355;0.03054296580413759
519;7.968943911590122;26;0.41935483870967744;0.35612433486785405
520;7.3361648411192775;0;0;0.01427548271523162
521;2.1252913307981993;6;0.0967741935483871;0.07211562310609855
522;6.028385478085086;9;0.14516129032258066;0.19832380477354838
523;3.5531036097337974;0;0;0.01284206201362261
524;4.81962612775137;36;0.5806451612903226;0.709478167605426
525;5.495273466918279;18;0.2903225806451613;0.20120906635523156
526;6.557316534480693;4;0.06451612903225806;0.08192394176127295
527;7.9949708664766375;2;0.03225806451612903;0.035647903791143
528;6.787157665373366;0;0;0.0430248305606815
529;5.255905800152526;0;0;0.017989640316251828
530;4.35954871231669;2;0.03225806451612903;0.03398154759962087
531;6.184732897293164;2;0.03225806451612903;0.043845467573304875
532;3.4934100338692824;10;0.16129032258064516;0.159067963691472
533;5.680920236595403;5;0.08064516129032258;0.12474409220136763
534;6.708115801544913;10;0.16129032258064516;0.093354030105794
535;3.6452244527848547;9;0.14516129032258066;0.19044411629696364
536;7.570281114229132;24;0.3870967741935484;0.3083817173823451
537;3.392951164111938;3;0.04838709677419355;0.036398374842676155
538;5.119439989849664;29;0.46774193548387094;0.4740945015036128
539;4.107185047169768;1;0.016129032258064516;0.046741267943940436
540;5.495687876593176;0;0;0.01465424167264998
541;5.2879237231276575;57;0.9193548387096774;0.9441883524727395
542;2.3628270208662503;2;0.03225806451612903;0.04895568607267973
543;4.414052607684421;27;0.43548387096774194;0.38246817657658144
544;7.586977904470162;3;0.04838709677419355;0.06730777133770273
545;3.4402134695277615;19;0.3064516129032258;0.39489858979604253
546;4.115541731992523;16;0.25806451612903225;0.20571936368756313
547;7.387317637627627;2;0.03225806451612903;0.032106607675282756
548;2.610727551677603;7;0.11290322580645161;0.14395040772428544
549;2.5044242574388274;1;0.016129032258064516;0.016619953404685646
550;3.7471438077032304;2;0.03225806451612903;0.013314075941369687
551;4.519330177697972;5;0.08064516129032258;0.046588057549001555
552;3.858681966484842;1;0.016129032258064516;0.03514361637610321
553;3.8096397024624236;1;0.016129032258064516;0.032434092798228856
554;3.518052119537281;9;0.14516129032258066;0.15788439707138896
555;2.184589549053735;1;0.016129032258064516;0.04003482859982244
556;4.840694720317002;8;0.12903225806451613;0.1805079437481309
557;3.187498446175595;3;0.04838709677419355;0.03290154089082277
558;5.659167471183076;3;0.04838709677419355;0.03283281360039435
559;3.7974688186298446;22;0.3548387096774194;0.2614906013632987
560;6.792341067824672;8;0.12903225806451613;0.19315833730080847
561;4.1809649058529015;7;0.11290322580645161;0.053441646212387076
562;7.988984695630607;21;0.3387096774193548;0.44031535616356654
563;7.402066160646298;32;0.5161290322580645;0.39318997911649495
564;7.663654699764985;21;0.3387096774193548;0.3067063720662242
565;2.3741873970135057;1;0.016129032258064516;0.016271696028008147
566;2.101261906372971;0;0;0.03347153320303487
567;7.109665597374395;24;0.3870967741935484;0.358367155981384
568;5.204759038614463;32;0.5161290322580645;0.5022021426680394
569;7.483425257486955;3;0.04838709677419355;0.02537080646491682
570;2.7811404274688756;1;0.016129032258064516;0.018790959219828672
571;6.525646474457181;20;0.3225806451612903;0.37720638353642094
572;6.543622753836039;5;0.08064516129032258;0.0819420759607954
573;6.081824438684539;15;0.24193548387096775;0.26030851560253965
574;7.709073204411693;13;0.20967741935483872;0.21082289176361046
575;6.894730798385447;7;0.11290322580645161;0.07573245571116674
576;2.861227749316593;6;0.0967741935483871;0.08747595120126056
577;4.016680707231481;7;0.11290322580645161;0.04219494588746732
578;2.9305138238382122;0;0;0.032441687833673814
579;5.488907403074627;0;0;0.011385945757967213
580;5.063523782912419;1;0.016129032258064516;0.029620518989572527
581;2.4181627893904984;12;0.1935483870967742;0.16523110844835723
582;5.684780086243888;5;0.08064516129032258;0.047833907701676115
583;5.6923924971802125;2;0.03225806451612903;0.030753425798690427
584;5.964216974547234;34;0.5483870967741935;0.5988145398767696
585;2.022624762739346;14;0.22580645161290322;0.3365726993364503
586;2.498821594984653;12;0.1935483870967742;0.22387673508474887
587;4.818724972577172;12;0.1935483870967742;0.10360167193704073
588;7.196542207708834;4;0.06451612903225806;0.14809203683042907
589;2.101785945753467;3;0.04838709677419355;0.0485744968870321
590;3.156344686241981;0;0;0.026650771808897897
591;6.804504857773196;11;0.1774193548387097;0.20499444399568803
592;3.6282070910689455;17;0.27419354838709675;0.2328792712174752
593;2.013268616987983;7;0.11290322580645161;0.0804083336982911
594;3.7080633294340517;1;0.016129032258064516;0.0713531277622527
595;6.415066414705974;2;0.03225806451612903;0.036999064612975474
596;3.393227364585375;34;0.5483870967741935;0.5139494847652415
597;6.405124404656293;1;0.016129032258064516;0.017709138460069912
598;7.009908510842318;1;0.016129032258064516;0.06361445578580133
599;7.028225648695708;1;0.016129032258064516;0.030674807896612435
600;7.38033172086828;0;0;0.014690188412507793
601;6.981899735975032;1;0.016129032258064516;0.032988214359917084
602;4.772919293852951;1;0.016129032258064516;0.026959280308762316
603;4.896855606183808;9;0.14516129032258066;0.07863305609616221
604;7.277747555299545;32;0.5161290322580645;0.4172524128744411
605;7.838110899477317;29;0.46774193548387094;0.4084458268133622
606;3.0798407202026996;2;0.03225806451612903;0.0655595018573266
607;5.511361946124286;2;0.03225806451612903;0.051229629860306346
608;6.469294260474524;14;0.22580645161290322;0.23179288828554215
609;5.00170298619275;1;0.016129032258064516;0.01366119742618097
610;4.714427003969638;3;0.04838709677419355;0.040660454587221284
611;7.986091606312474;8;0.12903225806451613;0.13178870845100923
612;3.7663856091752583;0;0;0.012121640994340613
613;6.201060431171703;0;0;0.012541848381630414
614;4.5387094926734965;9;0.14516129032258066;0.12160602861580569
615;4.655194435573739;2;0.03225806451612903;0.057496259067582094
616;4.343403244550993;10;0.16129032258064516;0.07793454838905634
617;7.172551929565404;9;0.14516129032258066;0.17798225673068063
618;3.8273558606521023;3;0.04838709677419355;0.048718131967587903
619;5.752609385993615;12;0.1935483870967742;0.30046619219994886
620;7.659562612725218;2;0.03225806451612903;0.03067419283430984
621;5.989246876905321;12;0.1935483870967742;0.20352089561572317
622;4.425077132147307;6;0.0967741935483871;0.185371834332831
623;4.687068418919607;2;0.03225806451612903;0.056825225758817835
624;2.1118289884700574;4;0.06451612903225806;0.05570156380762262
625;2.7809473028317777;62;1;0.8980707605682481
626;6.794755684581937;2;0.03225806451612903;0.2012938188303227
627;6.408131716962965;11;0.1774193548387097;0.19878018888595833
628;7.0546980793842575;3;0.04838709677419355;0.016307832957831156
629;6.39038895181864;6;0.0967741935483871;0.06640557045271284
630;4.241277535558342;8;0.12903225806451613;0.18616993229711126
631;3.373634051239879;11;0.1774193548387097;0.14473108843377172
632;2.7854044217548353;2;0.03225806451612903;0.01423068061475584
633;2.073914044571069;11;0.1774193548387097;0.3495778118810284
634;3.359697052910783;5;0.08064516129032258;0.17178972301232143
635;3.201396421157474;0;0;0.012318106679734136
636;2.266534929287869;5;0.08064516129032258;0.11317192210797856
637;5.6810640281443785;4;0.06451612903225806;0.08490035134170937
638;4.064997472830582;2;0.03225806451612903;0.016169918573417354
639;2.111987043224269;25;0.4032258064516129;0.45284479814606904
640;6.345436461430712;4;0.06451612903225806;0.10625629979446101
641;6.685347347839431;1;0.016129032258064516;0.06422994396742561
642;2.621309844134985;4;0.06451612903225806;0.026870042216753768
643;7.960443728585003;6;0.0967741935483871;0.0450917528604583
644;6.026739208040172;1;0.016129032258064516;0.03634892475331782
645;5.856962851182074;1;0.016129032258064516;0.048036397279416894
646;3.6544377289965926;2;0.03225806451612903;0.030564041676125885
647;2.990247194185037;5;0.08064516129032258;0.08600586318002815
648;7.730519287162702;15;0.24193548387096775;0.32160838017603405
649;4.040636745300441;8;0.12903225806451613;0.15650628393353044
650;3.7006349627397186;13;0.20967741935483872;0.19965332341694125
651;3.1219280190402308;31;0.5;0.4745991048633214
652;7.847628899778998;4;0.06451612903225806;0.04026789089087218
653;5.924763152340782;6;0.0967741935483871;0.0329881955453256
654;4.716522027140726;6;0.0967741935483871;0.1069273587879236
655;3.616958856404274;19;0.3064516129032258;0.339929463509662
656;7.754721085426734;1;0.016129032258064516;0.0406061898815394
657;7.931944760462244;8;0.12903225806451613;0.05094505812514366
658;6.260624243999191;14;0.22580645161290322;0.26369095829385975
659;4.360767633822173;4;0.06451612903225806;0.04069499078905644
660;6.409652278018022;3;0.04838709677419355;0.1015051061374498
661;7.9723855433857;11;0.1774193548387097;0.12641089761821409
662;3.027043763095068;4;0.06451612903225806;0.06313103482214537
663;5.163470015471555;11;0.1774193548387097;0.17096052046515678
664;5.546334794511243;12;0.1935483870967742;0.25689808341609127
665;5.929314433564112;12;0.1935483870967742;0.13672264160640518
666;2.1906054756560387;7;0.11290322580645161;0.08886025624720956
667;3.8270939122080305;2;0.03225806451612903;0.012308308671194491
668;6.464973520704067;46;0.7419354838709677;0.708700436296855
669;2.271678710482865;9;0.14516129032258066;0.2485186887917658
670;6.8311556888889315;2;0.03225806451612903;0.07755039298886034
671;4.127442595608272;2;0.03225806451612903;0.040282072014463675
672;3.4389571312065037;20;0.3225806451612903;0.4355324373471086
673;5.314842302964461;3;0.04838709677419355;0.06320142347465209
674;6.856922338184399;2;0.03225806451612903;0.10550875283297402
675;4.973079532837998;2;0.03225806451612903;0.04410333428203616
676;4.855735372219112;0;0;0.024976634000100247
677;3.311484234086929;20;0.3225806451612903;0.3939437386527231
678;3.767896857935887;7;0.11290322580645161;0.10273396110845363
679;2.500817527296402;9;0.14516129032258066;0.06822209706705851
680;2.7475872806960657;9;0.14516129032258066;0.11576312481184094
681;6.946471015432138;3;0.04838709677419355;0.09692235966609157
682;6.69489528271132;14;0.22580645161290322;0.10089492856097133
683;2.615074046242551;1;0.016129032258064516;0.06613054400621311
684;6.479434309750532;0;0;0.015419100534636241
685;7.8762788455357216;24;0.3870967741935484;0.37010028644835014
686;6.451559997373987;4;0.06451612903225806;0.06598928039881397
687;3.66904684420165;5;0.08064516129032258;0.1529283244522621
688;4.385247364819631;3;0.04838709677419355;0.025523151368638926
689;3.4788187553541823;3;0.04838709677419355;0.10113718426784996
690;5.627702418541397;2;0.03225806451612903;0.02658747918664167
691;2.1808157647870554;7;0.11290322580645161;0.09536673600055756
692;7.897750372950803;26;0.41935483870967744;0.5493485811517006
693;5.00961898966209;12;0.1935483870967742;0.20318583218767716
694;6.9253551405506935;3;0.04838709677419355;0.03995325199562578
695;6.443232917433248;2;0.03225806451612903;0.01569515431970842
696;6.587491760303961;15;0.24193548387096775;0.2698335474792112
697;7.258596605276035;11;0.1774193548387097;0.2763058056493603
698;7.978098813434178;1;0.016129032258064516;0.016672898692758703
699;2.8698070686635595;3;0.04838709677419355;0.11802010891666517
700;3.0140873580305314;17;0.27419354838709675;0.38015624532039577
701;3.84671521272823;18;0.2903225806451613;0.3023670591164561
702;6.9472563271165155;3;0.04838709677419355;0.02988240701209415
703;2.2847968052536234;24;0.3870967741935484;0.35766672238805436
704;7.3870128297186515;0;0;0.02370960638158438
705;5.872404124528358;11;0.1774193548387097;0.195756250547309
706;4.858578228791513;28;0.45161290322580644;0.5366881861913498
707;4.251683763345556;12;0.1935483870967742;0.25093699566804567
708;3.6245535368214146;31;0.5;0.3130118507220587
709;5.8017419650227495;3;0.04838709677419355;0.07894156316682589
710;6.092551961584274;3;0.04838709677419355;0.03242017256322198
711;6.565822500999003;3;0.04838709677419355;0.09018464776589526
712;3.4463379278063484;10;0.16129032258064516;0.2461752919608735
713;3.1208630898598875;1;0.016129032258064516;0.037311653786245125
714;2.8112059509433833;1;0.016129032258064516;0.012319489986151465
715;3.2385076774463557;15;0.24193548387096775;0.26226323204251606
716;7.249498320393962;2;0.03225806451612903;0.03833639814566931
717;5.529120298814551;7;0.11290322580645161;0.19098486417887425
718;2.1215045098781142;5;0.08064516129032258;0.1295650303843811
719;2.0032436903581226;1;0.016129032258064516;0.016451012356437592
720;7.748429117607152;2;0.03225806451612903;0.05826548440695729
721;3.9691535252934105;17;0.27419354838709675;0.3874613926359738
722;5.331096126386475;18;0.2903225806451613;0.19996510225879788
723;7.704634008791593;4;0.06451612903225806;0.0995610314894154
724;7.5765712603817565;2;0.03225806451612903;0.04092425230694055
725;2.631017356473495;5;0.08064516129032258;0.040417948581929715
726;6.76975842694275;16;0.25806451612903225;0.25284471670750314
727;7.17341980299606;13;0.20967741935483872;0.32955836877358463
728;5.445029975587982;37;0.5967741935483871;0.6621696383085321
729;7.11240738216434;0;0;0.019329075440927303
730;2.240087119042914;5;0.08064516129032258;0.05089209125789018
731;3.2395467931588864;15;0.24193548387096775;0.32154457533865455
732;4.468431593137063;4;0.06451612903225806;0.037338535762588256
733;6.261633844236673;1;0.016129032258064516;0.03908195773051908
734;2.5702596421215027;37;0.5967741935483871;0.6094908731889273
735;7.136102379828739;4;0.06451612903225806;0.043298639999509336
736;6.411950092954538;2;0.03225806451612903;0.045091950519355786
737;3.6078131411260985;10;0.16129032258064516;0.11559044383496735
738;5.582865595623323;29;0.46774193548387094;0.5385745333541988
739;3.775683578930648;1;0.016129032258064516;0.025538675944948006
740;3.2657559007712433;14;0.22580645161290322;0.17278426036481298
741;2.025510892283875;37;0.5967741935483871;0.7413246657813083
742;5.8632040386382505;5;0.08064516129032258;0.10785941806214992
743;5.81647493961103;1;0.016129032258064516;0.06858694614237258
744;6.333503810844153;2;0.03225806451612903;0.030782821700234282
745;2.9612331162026306;2;0.03225806451612903;0.024051459605124198
746;2.9874133872740964;3;0.04838709677419355;0.0483569523946324
747;4.90055343643788;3;0.04838709677419355;0.036264598815282
748;6.285747937059844;4;0.06451612903225806;0.04917027186145384
749;5.8149783815327;8;0.12903225806451613;0.07325536287149395
750;2.344032908018694;3;0.04838709677419355;0.09119961611401936
751;2.292940206962144;1;0.016129032258064516;0.021124453504358043
752;5.819079263982866;3;0.04838709677419355;0.05331531735146176
753;6.142483525975832;4;0.06451612903225806;0.08051117634742012
754;2.364437595179508;7;0.11290322580645161;0.09647437011084359
755;7.555846867876056;0;0;0.014985781116282619
756;2.134621302659913;1;0.016129032258064516;0.03768903756893514
757;7.268935643727396;33;0.532258064516129;0.6000780828345744
758;7.283356596382035;16;0.25806451612903225;0.2902351170182283
759;2.1380317034842595;7;0.11290322580645161;0.22683766131889252
760;4.377918670129924;26;0.41935483870967744;0.36852578043732015
761;4.868109997766144;3;0.04838709677419355;0.05271163956524696
762;5.910514928358847;2;0.03225806451612903;0.016182549260055083
763;2.2712657899927655;16;0.25806451612903225;0.25603515706347635
764;2.3804099989963743;2;0.03225806451612903;0.028133919207122902
765;4.344010577697311;3;0.04838709677419355;0.039611712185012526
766;7.979080247683022;2;0.03225806451612903;0.04712744298663484
767;6.797043111546451;11;0.1774193548387097;0.15370157942513185
768;3.143329741965667;4;0.06451612903225806;0.06104381636492168
769;3.2965059351625414;0;0;0.020263810357070835
770;7.32016434954487;3;0.04838709677419355;0.0611259815325266
771;5.630357903256248;0;0;0.014256531805704468
772;7.9618751061902735;12;0.1935483870967742;0.18575800704325
773;3.542816195424095;3;0.04838709677419355;0.031814547257130656
774;2.1370950034526617;0;0;0.011508628517193356
775;4.760644971747252;5;0.08064516129032258;0.05629067999573045
776;2.5891048957543004;15;0.24193548387096775;0.28183697822505405
777;5.126954181644578;5;0.08064516129032258;0.039867065388193956
778;6.338498477981657;4;0.06451612903225806;0.1294929074866654
779;7.669075530799606;3;0.04838709677419355;0.09095312655349845
780;2.4713903695677364;4;0.06451612903225806;0.07716161910178118
781;2.376146041031995;1;0.016129032258064516;0.02042783180789415
782;7.1120188893340615;5;0.08064516129032258;0.02591300867616215
783;6.5155783838199355;2;0.03225806451612903;0.06481715352478891
784;5.94374478512618;1;0.016129032258064516;0.014428642990283711
785;4.053995300109496;43;0.6935483870967742;0.6851904232222289
786;4.180615335787001;8;0.12903225806451613;0.06608539369922323
787;7.146334135507389;1;0.016129032258064516;0.04965701785633902
788;3.177589309950168;18;0.2903225806451613;0.39284397624015066
789;6.281413825359854;5;0.08064516129032258;0.09913187294860439
790;5.895628802429712;8;0.12903225806451613;0.13625052432620097
791;3.413872450317197;17;0.27419354838709675;0.3511137338712114
792;6.888095868233636;7;0.11290322580645161;0.10016730726591443
793;5.845585878866531;0;0;0.017135715833927045
794;2.9685656302462173;27;0.43548387096774194;0.4221549774559544
795;4.053997870559803;0;0;0.01645826036359789
796;3.7465232758533786;8;0.12903225806451613;0.09049171621446131
797;6.399014000035363;5;0.08064516129032258;0.10251136857513261
798;3.0160682057105324;3;0.04838709677419355;0.10270776787222932
799;7.028889185296785;34;0.5483870967741935;0.6407205646512528
800;2.5454261445186224;4;0.06451612903225806;0.030307901244907242
801;4.976054130576577;11;0.1774193548387097;0.14508226472739916
802;4.159957012236099;16;0.25806451612903225;0.19835823315365156
803;5.126677235181759;30;0.4838709677419355;0.4994048338415773
804;3.1416539732095106;10;0.16129032258064516;0.16683478529589502
805;6.325384487549488;7;0.11290322580645161;0.08208208856762833
806;2.7507269488418133;3;0.04838709677419355;0.10826093178739583
807;7.217647524186246;0;0;0.03716203333312371
808;2.2236680575756673;31;0.5;0.6772411798534683
809;3.4182155641811973;1;0.016129032258064516;0.01938367513828261
810;3.8033064370058973;24;0.3870967741935484;0.28019054534966303
811;4.056440720360932;3;0.04838709677419355;0.0540539406915393
812;2.4028623348115303;4;0.06451612903225806;0.13292535823627014
813;6.14952705714364;5;0.08064516129032258;0.09390833147361183
814;2.177219598636599;5;0.08064516129032258;0.10001363113917529
815;7.65202095063963;11;0.1774193548387097;0.1344901214905404
816;5.414341087180349;11;0.1774193548387097;0.22424644859099083
817;5.698431675181925;8;0.12903225806451613;0.09448403436907518
818;5.960572025720297;0;0;0.017659112034814243
819;6.2998645679558924;0;0;0.014980337527905644
820;2.059490923797475;14;0.22580645161290322;0.33077032096089176
821;3.777261885710648;22;0.3548387096774194;0.5523137369918079
822;6.222732490032321;13;0.20967741935483872;0.18105202038980353
823;5.4194488736891415;6;0.0967741935483871;0.09557828908151814
824;3.029312378274888;1;0.016129032258064516;0.03079962027991328
825;2.5576368312154134;2;0.03225806451612903;0.017679096477536727
826;2.7162546453607526;0;0;0.011381984356540507
827;4.138454762351911;2;0.03225806451612903;0.04999528695211762
828;4.336637875221967;7;0.11290322580645161;0.1811200093304989
829;2.687599874421768;0;0;0.03090721729963079
830;6.833769889936676;0;0;0.018310406468046415
831;5.538918235124516;4;0.06451612903225806;0.08497723661350308
832;7.4792523996342215;1;0.016129032258064516;0.017476255762203505
833;4.026765567263014;30;0.4838709677419355;0.543871649184753
834;5.854892420514902;4;0.06451612903225806;0.0860944123527909
835;2.4390935164127003;24;0.3870967741935484;0.4113246516806896
836;2.3603411439621547;30;0.4838709677419355;0.5126910746522128
837;3.556886703500937;8;0.12903225806451613;0.20112722264874996
838;7.434857361686816;1;0.016129032258064516;0.04225978663288139
839;5.482382879351444;4;0.06451612903225806;0.034303863056075204
840;2.0548472320916353;4;0.06451612903225806;0.054405864322338265
841;3.0877603614180162;7;0.11290322580645161;0.13092249246659887
842;6.053187049018772;8;0.12903225806451613;0.07361231624309256
843;6.922757566404882;4;0.06451612903225806;0.10757574150064204
844;6.859193213684108;0;0;0.02392531911471871
845;7.505868037932491;5;0.08064516129032258;0.08591652425380537
846;2.732325656680542;2;0.03225806451612903;0.0296377693882789
847;2.478279598279986;7;0.11290322580645161;0.054260115714656845
848;4.081433778666627;6;0.0967741935483871;0.2564856379958534
849;4.3662189973360945;43;0.6935483870967742;0.6930211838253405
850;2.320161661282257;9;0.14516129032258066;0.06375820020179622
851;6.274000926070847;11;0.1774193548387097;0.07070405114154121
852;6.380913615404123;5;0.08064516129032258;0.08198452901648824
853;3.411522301571221;2;0.03225806451612903;0.015398609492541446
854;2.6295590589891926;7;0.11290322580645161;0.24039698729786682
855;4.266442693894004;10;0.16129032258064516;0.19777420084529546
856;2.2989025452634797;5;0.08064516129032258;0.033018824014452774
857;3.0088081532198974;59;0.9516129032258065;0.6684403637918042
858;2.282913648655132;11;0.1774193548387097;0.17520250496977297
859;3.7087517910212053;7;0.11290322580645161;0.16250100347643504
860;7.649950316012815;2;0.03225806451612903;0.0647002116898505
861;4.478715791589914;0;0;0.0372963475558167
862;3.2275155909487583;11;0.1774193548387097;0.11703128076981575
863;2.1474551587120887;3;0.04838709677419355;0.023680129947196347
864;4.311953025083968;14;0.22580645161290322;0.16432336668457437
865;6.996128337921634;0;0;0.058972606937220985
866;6.29520836486258;12;0.1935483870967742;0.13983417985318894
867;4.757173243331338;1;0.016129032258064516;0.02517662610760392
868;5.804197857065218;3;0.04838709677419355;0.08659974044252103
869;3.701097428659488;3;0.04838709677419355;0.02285962070138481
870;5.163134172169088;2;0.03225806451612903;0.14689102457574266
871;2.0527644576750532;1;0.016129032258064516;0.022727975968892693
872;7.52636550996749;4;0.06451612903225806;0.07069828955872054
873;5.806125828906021;5;0.08064516129032258;0.10735807147359654
874;3.95290721485061;29;0.46774193548387094;0.3543321886172841
875;4.183235105212422;1;0.016129032258064516;0.02023046580050725
876;7.37969740637564;7;0.11290322580645161;0.13108276510707864
877;4.401061775349575;16;0.25806451612903225;0.21530105523117912
878;2.418673286409431;11;0.1774193548387097;0.23764101248250236
879;6.520677405651974;0;0;0.054806787652168655
880;3.1198704881220456;1;0.016129032258064516;0.04363301658666734
881;7.092161087827832;4;0.06451612903225806;0.04407361110239119
882;4.556827931924177;1;0.016129032258064516;0.018866969314754064
883;5.7320360828805885;3;0.04838709677419355;0.044724243754573074
884;7.739977166866873;38;0.6129032258064516;0.6895199087158811
885;6.133280576268808;2;0.03225806451612903;0.02605825952025608
886;3.963849473727797;7;0.11290322580645161;0.06207691725597046
887;3.842333346531882;17;0.27419354838709675;0.2581426079140708
888;7.418172783878712;8;0.12903225806451613;0.06327921848601059
889;4.737957758241313;2;0.03225806451612903;0.03461729562744486
890;7.672543962333605;6;0.0967741935483871;0.04296147116227044
891;4.563575453387376;6;0.0967741935483871;0.11687007237361381
892;7.392422610610921;3;0.04838709677419355;0.051270236451649076
893;6.792338488992461;17;0.27419354838709675;0.2726911563318252
894;5.849459877167576;1;0.016129032258064516;0.01721252929102146
895;4.044728969244626;0;0;0.0379918783827553
896;5.012907310860654;10;0.16129032258064516;0.10687389063579036
897;5.318689507115022;35;0.5645161290322581;0.5014224137308297
898;7.137390714668385;1;0.016129032258064516;0.02666292028767228
899;6.220701596802427;17;0.27419354838709675;0.28386625323762116
900;6.130159239345304;8;0.12903225806451613;0.100481510519729
901;4.242695289776984;23;0.3709677419354839;0.540070844779993
902;4.4598703787009555;9;0.14516129032258066;0.13604032817517456
903;3.668426242502605;33;0.532258064516129;0.5773532483325252
904;6.641979771965174;4;0.06451612903225806;0.11121596866119081
905;4.476764895243926;19;0.3064516129032258;0.30299267663660334
906;5.540869701439919;12;0.1935483870967742;0.11480570093616668
907;5.520312927439955;3;0.04838709677419355;0.08785328825461937
908;3.609341516908883;13;0.20967741935483872;0.25298892262392697
909;7.844760967346263;19;0.3064516129032258;0.4098849787736947
910;6.0443543978242;12;0.1935483870967742;0.2041673485200664
911;6.420755821476111;12;0.1935483870967742;0.155444158616465
912;2.341012978153775;11;0.1774193548387097;0.2052052570134259
913;5.535936954215139;3;0.04838709677419355;0.06893845248959074
914;4.2482399969586355;14;0.22580645161290322;0.35368553614101367
915;4.967700806896994;3;0.04838709677419355;0.024088319882986924
916;7.9841262008920895;0;0;0.05966442729048883
917;2.8724770624528064;9;0.14516129032258066;0.17659760228993196
918;5.518154296799635;4;0.06451612903225806;0.04323367624820337
919;2.9780137562090596;4;0.06451612903225806;0.07328650777905317
920;2.1034044437591937;0;0;0.015762745960294484
921;5.557949382605939;8;0.12903225806451613;0.12855658749340637
922;7.832662547860603;4;0.06451612903225806;0.13811116091498832
923;7.44954651009736;2;0.03225806451612903;0.04424223600163336
924;6.65411748581292;2;0.03225806451612903;0.05811588074333977
925;7.236361221054738;8;0.12903225806451613;0.2071985988213498
926;2.7686571780446254;7;0.11290322580645161;0.13119482512890124
927;4.275394060777218;15;0.24193548387096775;0.16087931593551966
928;2.194340370685952;9;0.14516129032258066;0.18483688257197745
929;7.230009881420997;2;0.03225806451612903;0.053758455937043224
930;4.7573516353766205;0;0;0.016113633629831915
931;6.906803172503972;1;0.016129032258064516;0.022098994307894387
932;5.998481557703801;14;0.22580645161290322;0.3050771848757689
933;3.1430987758297;5;0.08064516129032258;0.09083637516758457
934;3.236655450070582;29;0.46774193548387094;0.5347085047426251
935;3.175040504510999;0;0;0.015206674954543748
936;2.8834936045499022;0;0;0.010977195785588341
937;2.0840034420061873;34;0.5483870967741935;0.5784764369026817
938;5.609736552280252;48;0.7741935483870968;0.7653698213745802
939;4.913475690834911;0;0;0.015607350968461182
940;2.4294662607970956;13;0.20967741935483872;0.2667751617842888
941;4.209578689285358;43;0.6935483870967742;0.7956174297507113
942;2.5089690790087773;1;0.016129032258064516;0.014533674951648297
943;5.933244590616433;22;0.3548387096774194;0.2516761368089942
944;6.612048113072313;4;0.06451612903225806;0.03811024441403454
945;4.372167807245705;5;0.08064516129032258;0.10127849221484836
946;2.2759349515083875;14;0.22580645161290322;0.2913964022905382
947;4.57685708747099;9;0.14516129032258066;0.10296077038480882
948;3.8065808610089964;6;0.0967741935483871;0.04168838709682213
949;4.496221670180662;3;0.04838709677419355;0.04601653678416835
950;4.182124159383646;3;0.04838709677419355;0.1171709696555519
951;2.980771086635427;7;0.11290322580645161;0.11695873002769011
952;4.380636482676787;7;0.11290322580645161;0.2135463541973518
953;5.48594821686202;5;0.08064516129032258;0.04875245790162438
954;3.9481612583380943;1;0.016129032258064516;0.047911553904345906
955;4.006711218509223;19;0.3064516129032258;0.2965396319101073
956;5.574283722589856;10;0.16129032258064516;0.1476388881008435
957;3.6727761959995964;9;0.14516129032258066;0.28039376926276044
958;6.6961759425216245;3;0.04838709677419355;0.03696660715555637
959;4.596833534816668;2;0.03225806451612903;0.047108332780373276
960;2.7773100290341812;3;0.04838709677419355;0.06213603806732304
961;3.4740316604608816;0;0;0.012292329795857454
962;7.504805480830747;13;0.20967741935483872;0.13260625817085023
963;6.441357922014481;1;0.016129032258064516;0.018360806372050776
964;7.26133174601073;20;0.3225806451612903;0.22959573133496802
965;4.072207675349064;0;0;0.02128435962623928
966;3.5668225221181395;8;0.12903225806451613;0.08782274446881706
967;4.3214484724781705;25;0.4032258064516129;0.3023345364672538
968;6.463205777324366;1;0.016129032258064516;0.015086918992318102
969;7.391275575101038;25;0.4032258064516129;0.37960507194463555
970;6.768636903152166;7;0.11290322580645161;0.06010062447507648
971;7.571598070474154;1;0.016129032258064516;0.08770171655826935
972;2.5662299751146835;54;0.8709677419354839;0.6818132145590967
973;7.36558417853228;22;0.3548387096774194;0.49843727443552605
974;6.82719213833436;0;0;0.015438380020004657
975;2.8506074309584717;1;0.016129032258064516;0.08880273853627489
976;5.280207130722798;1;0.016129032258064516;0.07006367091608057
977;4.758773859943624;3;0.04838709677419355;0.012957155441078515
978;2.9464994794439985;1;0.016129032258064516;0.052465671873129484
979;3.683731919007251;8;0.12903225806451613;0.300178019475326
980;2.133006529013164;3;0.04838709677419355;0.06225384260037221
981;5.267298804254875;9;0.14516129032258066;0.14069677738898412
982;6.960346071496767;9;0.14516129032258066;0.13423639999469725
983;3.798887039441097;9;0.14516129032258066;0.1953783026440767
984;4.289616929502047;6;0.0967741935483871;0.05172913448138596
985;3.925145787152064;9;0.14516129032258066;0.11740065459964436
986;7.615313640616515;2;0.03225806451612903;0.061827620131817695
987;2.385206503972973;3;0.04838709677419355;0.05167482196953983
988;7.25230833946369;0;0;0.04092444793014314
989;5.563430169393975;31;0.5;0.3920156994828183
990;3.402458972019357;2;0.03225806451612903;0.016489312961594095
991;3.058451723800251;16;0.25806451612903225;0.2333933632779311
992;5.961272247117606;6;0.0967741935483871;0.051408330324457824
993;6.637268678581933;19;0.3064516129032258;0.2762095451844924
994;2.2521728902366815;0;0;0.010956313693663514
995;2.0009872233499713;4;0.06451612903225806;0.07927893702707851
996;7.9925252506474616;10;0.16129032258064516;0.2635188051477046
997;7.502563145711349;5;0.08064516129032258;0.06771021034797334
998;5.4942271818845665;3;0.04838709677419355;0.09413847789554185
999;6.528280543409419;7;0.11290322580645161;0.16434571510323787
